ID;Файл;Исходная папка;Правильное размещение;Этап;URL по медиаплану 4.5;Статус содержания;Коды замечаний;Требуемые правки
1;ТЗ Этап 5 Документы для привлечения ЛПР Pozharnik.kz.docx;ТЗ Этап 5 Документы для привлечения ЛПР Pozharnik.kz.docx;99 Дубликаты\ТЗ Этап 5 Документы для привлечения ЛПР Pozharnik.kz.docx;дубликат;/dokumenty/ — 9 страниц;Точный дубликат файла этапа 5;;
2;ТЗ Главная страница Pozharnik.kz.docx;Этап 1\ТЗ Главная страница Pozharnik.kz.docx;Этап 1\ТЗ Главная страница Pozharnik.kz.docx;1;/;Требует содержательной актуализации;G02, G08, G07, G01, G03, G04, G05, G06, U01, D01, C01;"Единые события и согласие: Веб-события pz_* из глобального модуля; pz_form_success только по подтверждённому приёму, generate_lead с тем же event_id. Неперсональные данные в GA4; consent_analytics/consent_ads granted или denied, по умолчанию denied; заявка работает при отказе. Согласие на коммуникации отдельно. | Реестр маршрутов и согласия: Глобальная аналитика подключается один раз. Конфигурация берётся из реестра GTM; PZ_PAGE_CONFIG — необязательное переопределение. Формы передают page_type, page_name, source_page, customer_type, service_type, form_name и form_location вместе с каноническим контекстом. consent_marketing учитывается отдельно; Принять все допустимо с явным перечислением трёх целей. | Рабочий маршрут и SLA: По Bitrix24 v1.27 разделу 28 коммерческая заявка сайта создаёт одну сделку в Общей воронке, Новая заявка; первый контакт 30 минут в рабочее время. Профильную воронку назначает координатор сменой воронки той же сделки. Один путь доставки в Cloud Run, без второго моста Tilda. Для документов других регионов действует исключение медиаплана: выдача без передачи в продажи; для Кузет обследование не обязательно. | Единый контракт данных: Поле service удалить; использовать service_type из общего справочника, requested_action, cta_location и cta_text. ga_client_id связан с UF_CRM_GA_CLIENT_ID, а не UF_GOOGLE_CID. Payload и CRM сопоставлять по фактической карте полей; технический код услуги может преобразовываться в утверждённую категорию CRM, а os — в UF_CRM_DEVICE_OS. Не создавать дубли. | Бизнес результат: Для рекламной оптимизации Primary только contract_won из CRM по факту заключения договора. Форма, звонки, расчёт, выезд и КП — Secondary. Общая воронка, сохранение исходной потребности и атрибуции; перенос сделки не создаёт новую конверсию. | Структура и CTA: Один доминирующий CTA по типу страницы. Калькулятор или короткая форма до 3–4 мобильного экрана; объединить пересекающиеся блоки, убрать повторяющиеся галереи. Для новых страниц не задавать сокращение высоты от несуществующей базы. | Новые пакеты регулярного ТО: Контроль: ТО, эксплуатационный журнал, ежегодное обследование. Защита: дополнительно согласованная документация, обучение, бесплатные консультации; тренировки и сопровождение — платные опции. Премиум: аутсорсинг, документация и журналы, тренировки, сопровождение проверок, один предварительный аудит в год вместо базового обследования. Кузет — отдельное предложение; URL control/service/full-safe не переименовывать автоматически. | Связь с Кузет: Ссылка на /kuzet/ с монтажа, обслуживания и /pakety/; главная и хаб показывают отдельный сценарий ритейла. Не заменять регулярную линейку Базовым / Расширенным / PRO. Малую площадь не считать автоматически низким приоритетом. | URL огнетушителей: Целевой адрес услуги /perezaryadka-ognetushiteley/ вместо /ognetushiteli/. Исправить canonical и внутренние ссылки. URL калькулятора /kalkulyatory/ognetushiteli/ сохраняется. Перенос опубликованного адреса — по карте URL, не автоматическим редиректом. | Лид магниты: Сохранить обязательный регион объекта, автоматическую выдачу другим регионам без продаж и отдельную аналитику. Технический учёт реализовать с учётом Bitrix24 Стандартный, без обязательного отдельного смарт-процесса/бизнес-процесса. Коммерческий мост «Рассчитать работы» requested_action=calculate; выдачу файла учитывать отдельным действием. | Результат и конверсия: Удалить назначение status_visit_done основной конверсией Ads. visit_done сохраняется диагностическим; только подтверждённый contract_won — Primary."
3;ТЗ Калькулятор аудита Pozharnik.kz.docx;Этап 1\ТЗ Калькулятор аудита Pozharnik.kz.docx;Этап 1\ТЗ Калькулятор аудита Pozharnik.kz.docx;1;/kalkulyatory/audit/;Требует содержательной актуализации;G02, G08, G07, G01, G03, G04;"Единые события и согласие: Веб-события pz_* из глобального модуля; pz_form_success только по подтверждённому приёму, generate_lead с тем же event_id. Неперсональные данные в GA4; consent_analytics/consent_ads granted или denied, по умолчанию denied; заявка работает при отказе. Согласие на коммуникации отдельно. | Реестр маршрутов и согласия: Глобальная аналитика подключается один раз. Конфигурация берётся из реестра GTM; PZ_PAGE_CONFIG — необязательное переопределение. Формы передают page_type, page_name, source_page, customer_type, service_type, form_name и form_location вместе с каноническим контекстом. consent_marketing учитывается отдельно; Принять все допустимо с явным перечислением трёх целей. | Рабочий маршрут и SLA: По Bitrix24 v1.27 разделу 28 коммерческая заявка сайта создаёт одну сделку в Общей воронке, Новая заявка; первый контакт 30 минут в рабочее время. Профильную воронку назначает координатор сменой воронки той же сделки. Один путь доставки в Cloud Run, без второго моста Tilda. Для документов других регионов действует исключение медиаплана: выдача без передачи в продажи; для Кузет обследование не обязательно. | Единый контракт данных: Поле service удалить; использовать service_type из общего справочника, requested_action, cta_location и cta_text. ga_client_id связан с UF_CRM_GA_CLIENT_ID, а не UF_GOOGLE_CID. Payload и CRM сопоставлять по фактической карте полей; технический код услуги может преобразовываться в утверждённую категорию CRM, а os — в UF_CRM_DEVICE_OS. Не создавать дубли. | Бизнес результат: Для рекламной оптимизации Primary только contract_won из CRM по факту заключения договора. Форма, звонки, расчёт, выезд и КП — Secondary. Общая воронка, сохранение исходной потребности и атрибуции; перенос сделки не создаёт новую конверсию. | Структура и CTA: Один доминирующий CTA по типу страницы. Калькулятор или короткая форма до 3–4 мобильного экрана; объединить пересекающиеся блоки, убрать повторяющиеся галереи. Для новых страниц не задавать сокращение высоты от несуществующей базы."
4;ТЗ Калькулятор монтажа Pozharnik.kz итоговое.docx;Этап 1\ТЗ Калькулятор монтажа Pozharnik.kz итоговое.docx;Этап 1\ТЗ Калькулятор монтажа Pozharnik.kz итоговое.docx;1;/kalkulyatory/montazh/;Требует содержательной актуализации;G02, G08, G07, G01, G03, G04;"Единые события и согласие: Веб-события pz_* из глобального модуля; pz_form_success только по подтверждённому приёму, generate_lead с тем же event_id. Неперсональные данные в GA4; consent_analytics/consent_ads granted или denied, по умолчанию denied; заявка работает при отказе. Согласие на коммуникации отдельно. | Реестр маршрутов и согласия: Глобальная аналитика подключается один раз. Конфигурация берётся из реестра GTM; PZ_PAGE_CONFIG — необязательное переопределение. Формы передают page_type, page_name, source_page, customer_type, service_type, form_name и form_location вместе с каноническим контекстом. consent_marketing учитывается отдельно; Принять все допустимо с явным перечислением трёх целей. | Рабочий маршрут и SLA: По Bitrix24 v1.27 разделу 28 коммерческая заявка сайта создаёт одну сделку в Общей воронке, Новая заявка; первый контакт 30 минут в рабочее время. Профильную воронку назначает координатор сменой воронки той же сделки. Один путь доставки в Cloud Run, без второго моста Tilda. Для документов других регионов действует исключение медиаплана: выдача без передачи в продажи; для Кузет обследование не обязательно. | Единый контракт данных: Поле service удалить; использовать service_type из общего справочника, requested_action, cta_location и cta_text. ga_client_id связан с UF_CRM_GA_CLIENT_ID, а не UF_GOOGLE_CID. Payload и CRM сопоставлять по фактической карте полей; технический код услуги может преобразовываться в утверждённую категорию CRM, а os — в UF_CRM_DEVICE_OS. Не создавать дубли. | Бизнес результат: Для рекламной оптимизации Primary только contract_won из CRM по факту заключения договора. Форма, звонки, расчёт, выезд и КП — Secondary. Общая воронка, сохранение исходной потребности и атрибуции; перенос сделки не создаёт новую конверсию. | Структура и CTA: Один доминирующий CTA по типу страницы. Калькулятор или короткая форма до 3–4 мобильного экрана; объединить пересекающиеся блоки, убрать повторяющиеся галереи. Для новых страниц не задавать сокращение высоты от несуществующей базы."
5;ТЗ Калькулятор обслуживания Pozharnik.kz.docx;Этап 1\ТЗ Калькулятор обслуживания Pozharnik.kz.docx;Этап 1\ТЗ Калькулятор обслуживания Pozharnik.kz.docx;1;/kalkulyatory/obsluzhivanie/;Требует содержательной актуализации;G02, G08, G07, G01, G03, G04, G05, G06, T01;"Единые события и согласие: Веб-события pz_* из глобального модуля; pz_form_success только по подтверждённому приёму, generate_lead с тем же event_id. Неперсональные данные в GA4; consent_analytics/consent_ads granted или denied, по умолчанию denied; заявка работает при отказе. Согласие на коммуникации отдельно. | Реестр маршрутов и согласия: Глобальная аналитика подключается один раз. Конфигурация берётся из реестра GTM; PZ_PAGE_CONFIG — необязательное переопределение. Формы передают page_type, page_name, source_page, customer_type, service_type, form_name и form_location вместе с каноническим контекстом. consent_marketing учитывается отдельно; Принять все допустимо с явным перечислением трёх целей. | Рабочий маршрут и SLA: По Bitrix24 v1.27 разделу 28 коммерческая заявка сайта создаёт одну сделку в Общей воронке, Новая заявка; первый контакт 30 минут в рабочее время. Профильную воронку назначает координатор сменой воронки той же сделки. Один путь доставки в Cloud Run, без второго моста Tilda. Для документов других регионов действует исключение медиаплана: выдача без передачи в продажи; для Кузет обследование не обязательно. | Единый контракт данных: Поле service удалить; использовать service_type из общего справочника, requested_action, cta_location и cta_text. ga_client_id связан с UF_CRM_GA_CLIENT_ID, а не UF_GOOGLE_CID. Payload и CRM сопоставлять по фактической карте полей; технический код услуги может преобразовываться в утверждённую категорию CRM, а os — в UF_CRM_DEVICE_OS. Не создавать дубли. | Бизнес результат: Для рекламной оптимизации Primary только contract_won из CRM по факту заключения договора. Форма, звонки, расчёт, выезд и КП — Secondary. Общая воронка, сохранение исходной потребности и атрибуции; перенос сделки не создаёт новую конверсию. | Структура и CTA: Один доминирующий CTA по типу страницы. Калькулятор или короткая форма до 3–4 мобильного экрана; объединить пересекающиеся блоки, убрать повторяющиеся галереи. Для новых страниц не задавать сокращение высоты от несуществующей базы. | Новые пакеты регулярного ТО: Контроль: ТО, эксплуатационный журнал, ежегодное обследование. Защита: дополнительно согласованная документация, обучение, бесплатные консультации; тренировки и сопровождение — платные опции. Премиум: аутсорсинг, документация и журналы, тренировки, сопровождение проверок, один предварительный аудит в год вместо базового обследования. Кузет — отдельное предложение; URL control/service/full-safe не переименовывать автоматически. | Связь с Кузет: Ссылка на /kuzet/ с монтажа, обслуживания и /pakety/; главная и хаб показывают отдельный сценарий ритейла. Не заменять регулярную линейку Базовым / Расширенным / PRO. Малую площадь не считать автоматически низким приоритетом. | Технический цикл обслуживания: На обычном ТО показать проверку помещений по чек-листу, два капитальных ТО с тестированием и два отдельных тестирования в год, отчёт на следующий рабочий день и динамику замечаний. Это состав предложения компании; применимость к объекту и договор проверяются отдельно. Базовый Кузет планового ТО не содержит."
6;ТЗ обслуживание пожарной сигнализации.docx;Этап 1\ТЗ обслуживание пожарной сигнализации.docx;Этап 1\ТЗ обслуживание пожарной сигнализации.docx;1;/obsluzhivanie/;Требует содержательной актуализации;G02, G08, G07, G01, G03, G04, G05, G06, T01;"Единые события и согласие: Веб-события pz_* из глобального модуля; pz_form_success только по подтверждённому приёму, generate_lead с тем же event_id. Неперсональные данные в GA4; consent_analytics/consent_ads granted или denied, по умолчанию denied; заявка работает при отказе. Согласие на коммуникации отдельно. | Реестр маршрутов и согласия: Глобальная аналитика подключается один раз. Конфигурация берётся из реестра GTM; PZ_PAGE_CONFIG — необязательное переопределение. Формы передают page_type, page_name, source_page, customer_type, service_type, form_name и form_location вместе с каноническим контекстом. consent_marketing учитывается отдельно; Принять все допустимо с явным перечислением трёх целей. | Рабочий маршрут и SLA: По Bitrix24 v1.27 разделу 28 коммерческая заявка сайта создаёт одну сделку в Общей воронке, Новая заявка; первый контакт 30 минут в рабочее время. Профильную воронку назначает координатор сменой воронки той же сделки. Один путь доставки в Cloud Run, без второго моста Tilda. Для документов других регионов действует исключение медиаплана: выдача без передачи в продажи; для Кузет обследование не обязательно. | Единый контракт данных: Поле service удалить; использовать service_type из общего справочника, requested_action, cta_location и cta_text. ga_client_id связан с UF_CRM_GA_CLIENT_ID, а не UF_GOOGLE_CID. Payload и CRM сопоставлять по фактической карте полей; технический код услуги может преобразовываться в утверждённую категорию CRM, а os — в UF_CRM_DEVICE_OS. Не создавать дубли. | Бизнес результат: Для рекламной оптимизации Primary только contract_won из CRM по факту заключения договора. Форма, звонки, расчёт, выезд и КП — Secondary. Общая воронка, сохранение исходной потребности и атрибуции; перенос сделки не создаёт новую конверсию. | Структура и CTA: Один доминирующий CTA по типу страницы. Калькулятор или короткая форма до 3–4 мобильного экрана; объединить пересекающиеся блоки, убрать повторяющиеся галереи. Для новых страниц не задавать сокращение высоты от несуществующей базы. | Новые пакеты регулярного ТО: Контроль: ТО, эксплуатационный журнал, ежегодное обследование. Защита: дополнительно согласованная документация, обучение, бесплатные консультации; тренировки и сопровождение — платные опции. Премиум: аутсорсинг, документация и журналы, тренировки, сопровождение проверок, один предварительный аудит в год вместо базового обследования. Кузет — отдельное предложение; URL control/service/full-safe не переименовывать автоматически. | Связь с Кузет: Ссылка на /kuzet/ с монтажа, обслуживания и /pakety/; главная и хаб показывают отдельный сценарий ритейла. Не заменять регулярную линейку Базовым / Расширенным / PRO. Малую площадь не считать автоматически низким приоритетом. | Технический цикл обслуживания: На обычном ТО показать проверку помещений по чек-листу, два капитальных ТО с тестированием и два отдельных тестирования в год, отчёт на следующий рабочий день и динамику замечаний. Это состав предложения компании; применимость к объекту и договор проверяются отдельно. Базовый Кузет планового ТО не содержит."
7;ТЗ Пожарный аудит Pozharnik.kz.docx;Этап 1\ТЗ Пожарный аудит Pozharnik.kz.docx;Этап 1\ТЗ Пожарный аудит Pozharnik.kz.docx;1;/audit/;Требует содержательной актуализации;G02, G08, G07, G01, G03, G04;"Единые события и согласие: Веб-события pz_* из глобального модуля; pz_form_success только по подтверждённому приёму, generate_lead с тем же event_id. Неперсональные данные в GA4; consent_analytics/consent_ads granted или denied, по умолчанию denied; заявка работает при отказе. Согласие на коммуникации отдельно. | Реестр маршрутов и согласия: Глобальная аналитика подключается один раз. Конфигурация берётся из реестра GTM; PZ_PAGE_CONFIG — необязательное переопределение. Формы передают page_type, page_name, source_page, customer_type, service_type, form_name и form_location вместе с каноническим контекстом. consent_marketing учитывается отдельно; Принять все допустимо с явным перечислением трёх целей. | Рабочий маршрут и SLA: По Bitrix24 v1.27 разделу 28 коммерческая заявка сайта создаёт одну сделку в Общей воронке, Новая заявка; первый контакт 30 минут в рабочее время. Профильную воронку назначает координатор сменой воронки той же сделки. Один путь доставки в Cloud Run, без второго моста Tilda. Для документов других регионов действует исключение медиаплана: выдача без передачи в продажи; для Кузет обследование не обязательно. | Единый контракт данных: Поле service удалить; использовать service_type из общего справочника, requested_action, cta_location и cta_text. ga_client_id связан с UF_CRM_GA_CLIENT_ID, а не UF_GOOGLE_CID. Payload и CRM сопоставлять по фактической карте полей; технический код услуги может преобразовываться в утверждённую категорию CRM, а os — в UF_CRM_DEVICE_OS. Не создавать дубли. | Бизнес результат: Для рекламной оптимизации Primary только contract_won из CRM по факту заключения договора. Форма, звонки, расчёт, выезд и КП — Secondary. Общая воронка, сохранение исходной потребности и атрибуции; перенос сделки не создаёт новую конверсию. | Структура и CTA: Один доминирующий CTA по типу страницы. Калькулятор или короткая форма до 3–4 мобильного экрана; объединить пересекающиеся блоки, убрать повторяющиеся галереи. Для новых страниц не задавать сокращение высоты от несуществующей базы."
8;ТЗ Срочная помощь Pozharnik.kz.docx;Этап 1\ТЗ Срочная помощь Pozharnik.kz.docx;Этап 1\ТЗ Срочная помощь Pozharnik.kz.docx;1;/srabotka/;Требует содержательной актуализации;G02, G08, G07, G01, G03, G04;"Единые события и согласие: Веб-события pz_* из глобального модуля; pz_form_success только по подтверждённому приёму, generate_lead с тем же event_id. Неперсональные данные в GA4; consent_analytics/consent_ads granted или denied, по умолчанию denied; заявка работает при отказе. Согласие на коммуникации отдельно. | Реестр маршрутов и согласия: Глобальная аналитика подключается один раз. Конфигурация берётся из реестра GTM; PZ_PAGE_CONFIG — необязательное переопределение. Формы передают page_type, page_name, source_page, customer_type, service_type, form_name и form_location вместе с каноническим контекстом. consent_marketing учитывается отдельно; Принять все допустимо с явным перечислением трёх целей. | Рабочий маршрут и SLA: По Bitrix24 v1.27 разделу 28 коммерческая заявка сайта создаёт одну сделку в Общей воронке, Новая заявка; первый контакт 30 минут в рабочее время. Профильную воронку назначает координатор сменой воронки той же сделки. Один путь доставки в Cloud Run, без второго моста Tilda. Для документов других регионов действует исключение медиаплана: выдача без передачи в продажи; для Кузет обследование не обязательно. | Единый контракт данных: Поле service удалить; использовать service_type из общего справочника, requested_action, cta_location и cta_text. ga_client_id связан с UF_CRM_GA_CLIENT_ID, а не UF_GOOGLE_CID. Payload и CRM сопоставлять по фактической карте полей; технический код услуги может преобразовываться в утверждённую категорию CRM, а os — в UF_CRM_DEVICE_OS. Не создавать дубли. | Бизнес результат: Для рекламной оптимизации Primary только contract_won из CRM по факту заключения договора. Форма, звонки, расчёт, выезд и КП — Secondary. Общая воронка, сохранение исходной потребности и атрибуции; перенос сделки не создаёт новую конверсию. | Структура и CTA: Один доминирующий CTA по типу страницы. Калькулятор или короткая форма до 3–4 мобильного экрана; объединить пересекающиеся блоки, убрать повторяющиеся галереи. Для новых страниц не задавать сокращение высоты от несуществующей базы."
9;ТЗ страницы Хаб калькуляторов Pozharnik.kz.docx;Этап 1\ТЗ страницы Хаб калькуляторов Pozharnik.kz.docx;Этап 1\ТЗ страницы Хаб калькуляторов Pozharnik.kz.docx;1;/kalkulyatory/;Требует содержательной актуализации;G02, G08, G07, G01, G03, G04, G06, U01;"Единые события и согласие: Веб-события pz_* из глобального модуля; pz_form_success только по подтверждённому приёму, generate_lead с тем же event_id. Неперсональные данные в GA4; consent_analytics/consent_ads granted или denied, по умолчанию denied; заявка работает при отказе. Согласие на коммуникации отдельно. | Реестр маршрутов и согласия: Глобальная аналитика подключается один раз. Конфигурация берётся из реестра GTM; PZ_PAGE_CONFIG — необязательное переопределение. Формы передают page_type, page_name, source_page, customer_type, service_type, form_name и form_location вместе с каноническим контекстом. consent_marketing учитывается отдельно; Принять все допустимо с явным перечислением трёх целей. | Рабочий маршрут и SLA: По Bitrix24 v1.27 разделу 28 коммерческая заявка сайта создаёт одну сделку в Общей воронке, Новая заявка; первый контакт 30 минут в рабочее время. Профильную воронку назначает координатор сменой воронки той же сделки. Один путь доставки в Cloud Run, без второго моста Tilda. Для документов других регионов действует исключение медиаплана: выдача без передачи в продажи; для Кузет обследование не обязательно. | Единый контракт данных: Поле service удалить; использовать service_type из общего справочника, requested_action, cta_location и cta_text. ga_client_id связан с UF_CRM_GA_CLIENT_ID, а не UF_GOOGLE_CID. Payload и CRM сопоставлять по фактической карте полей; технический код услуги может преобразовываться в утверждённую категорию CRM, а os — в UF_CRM_DEVICE_OS. Не создавать дубли. | Бизнес результат: Для рекламной оптимизации Primary только contract_won из CRM по факту заключения договора. Форма, звонки, расчёт, выезд и КП — Secondary. Общая воронка, сохранение исходной потребности и атрибуции; перенос сделки не создаёт новую конверсию. | Структура и CTA: Один доминирующий CTA по типу страницы. Калькулятор или короткая форма до 3–4 мобильного экрана; объединить пересекающиеся блоки, убрать повторяющиеся галереи. Для новых страниц не задавать сокращение высоты от несуществующей базы. | Связь с Кузет: Ссылка на /kuzet/ с монтажа, обслуживания и /pakety/; главная и хаб показывают отдельный сценарий ритейла. Не заменять регулярную линейку Базовым / Расширенным / PRO. Малую площадь не считать автоматически низким приоритетом. | URL огнетушителей: Целевой адрес услуги /perezaryadka-ognetushiteley/ вместо /ognetushiteli/. Исправить canonical и внутренние ссылки. URL калькулятора /kalkulyatory/ognetushiteli/ сохраняется. Перенос опубликованного адреса — по карте URL, не автоматическим редиректом."
10;ТЗ_страницы_Монтаж_пожарной_сигнализации_Pozharnik.kz.docx;Этап 1\ТЗ_страницы_Монтаж_пожарной_сигнализации_Pozharnik.kz.docx;Этап 1\ТЗ_страницы_Монтаж_пожарной_сигнализации_Pozharnik.kz.docx;1;/montazh/;Требует содержательной актуализации;G02, G08, G07, G01, G03, G04, G06;"Единые события и согласие: Веб-события pz_* из глобального модуля; pz_form_success только по подтверждённому приёму, generate_lead с тем же event_id. Неперсональные данные в GA4; consent_analytics/consent_ads granted или denied, по умолчанию denied; заявка работает при отказе. Согласие на коммуникации отдельно. | Реестр маршрутов и согласия: Глобальная аналитика подключается один раз. Конфигурация берётся из реестра GTM; PZ_PAGE_CONFIG — необязательное переопределение. Формы передают page_type, page_name, source_page, customer_type, service_type, form_name и form_location вместе с каноническим контекстом. consent_marketing учитывается отдельно; Принять все допустимо с явным перечислением трёх целей. | Рабочий маршрут и SLA: По Bitrix24 v1.27 разделу 28 коммерческая заявка сайта создаёт одну сделку в Общей воронке, Новая заявка; первый контакт 30 минут в рабочее время. Профильную воронку назначает координатор сменой воронки той же сделки. Один путь доставки в Cloud Run, без второго моста Tilda. Для документов других регионов действует исключение медиаплана: выдача без передачи в продажи; для Кузет обследование не обязательно. | Единый контракт данных: Поле service удалить; использовать service_type из общего справочника, requested_action, cta_location и cta_text. ga_client_id связан с UF_CRM_GA_CLIENT_ID, а не UF_GOOGLE_CID. Payload и CRM сопоставлять по фактической карте полей; технический код услуги может преобразовываться в утверждённую категорию CRM, а os — в UF_CRM_DEVICE_OS. Не создавать дубли. | Бизнес результат: Для рекламной оптимизации Primary только contract_won из CRM по факту заключения договора. Форма, звонки, расчёт, выезд и КП — Secondary. Общая воронка, сохранение исходной потребности и атрибуции; перенос сделки не создаёт новую конверсию. | Структура и CTA: Один доминирующий CTA по типу страницы. Калькулятор или короткая форма до 3–4 мобильного экрана; объединить пересекающиеся блоки, убрать повторяющиеся галереи. Для новых страниц не задавать сокращение высоты от несуществующей базы. | Связь с Кузет: Ссылка на /kuzet/ с монтажа, обслуживания и /pakety/; главная и хаб показывают отдельный сценарий ритейла. Не заменять регулярную линейку Базовым / Расширенным / PRO. Малую площадь не считать автоматически низким приоритетом."
11;ТЗ страницы Испытание пожарных кранов Pozharnik.kz.docx;Этап 2\ТЗ страницы Испытание пожарных кранов Pozharnik.kz.docx;Этап 2\ТЗ страницы Испытание пожарных кранов Pozharnik.kz.docx;2;/ispytaniya-pozharnyh-kranov/;Требует содержательной актуализации;G02, G08, G07, G01, G03, G04, U02;"Единые события и согласие: Веб-события pz_* из глобального модуля; pz_form_success только по подтверждённому приёму, generate_lead с тем же event_id. Неперсональные данные в GA4; consent_analytics/consent_ads granted или denied, по умолчанию denied; заявка работает при отказе. Согласие на коммуникации отдельно. | Реестр маршрутов и согласия: Глобальная аналитика подключается один раз. Конфигурация берётся из реестра GTM; PZ_PAGE_CONFIG — необязательное переопределение. Формы передают page_type, page_name, source_page, customer_type, service_type, form_name и form_location вместе с каноническим контекстом. consent_marketing учитывается отдельно; Принять все допустимо с явным перечислением трёх целей. | Рабочий маршрут и SLA: По Bitrix24 v1.27 разделу 28 коммерческая заявка сайта создаёт одну сделку в Общей воронке, Новая заявка; первый контакт 30 минут в рабочее время. Профильную воронку назначает координатор сменой воронки той же сделки. Один путь доставки в Cloud Run, без второго моста Tilda. Для документов других регионов действует исключение медиаплана: выдача без передачи в продажи; для Кузет обследование не обязательно. | Единый контракт данных: Поле service удалить; использовать service_type из общего справочника, requested_action, cta_location и cta_text. ga_client_id связан с UF_CRM_GA_CLIENT_ID, а не UF_GOOGLE_CID. Payload и CRM сопоставлять по фактической карте полей; технический код услуги может преобразовываться в утверждённую категорию CRM, а os — в UF_CRM_DEVICE_OS. Не создавать дубли. | Бизнес результат: Для рекламной оптимизации Primary только contract_won из CRM по факту заключения договора. Форма, звонки, расчёт, выезд и КП — Secondary. Общая воронка, сохранение исходной потребности и атрибуции; перенос сделки не создаёт новую конверсию. | Структура и CTA: Один доминирующий CTA по типу страницы. Калькулятор или короткая форма до 3–4 мобильного экрана; объединить пересекающиеся блоки, убрать повторяющиеся галереи. Для новых страниц не задавать сокращение высоты от несуществующей базы. | URL пожарных кранов: Целевой адрес услуги /ispytaniya-pozharnyh-kranov/ вместо /ispytaniya-pk/. Исправить canonical и ссылку из акта. Документ /dokumenty/akt-ispytaniya-kranov/ сохраняется."
12;ТЗ страницы Калькулятор огнетушителей Pozharnik.kz.docx;Этап 2\ТЗ страницы Калькулятор огнетушителей Pozharnik.kz.docx;Этап 2\ТЗ страницы Калькулятор огнетушителей Pozharnik.kz.docx;2;/kalkulyatory/ognetushiteli/;Требует содержательной актуализации;G02, G08, G07, G01, G03, G04, U01;"Единые события и согласие: Веб-события pz_* из глобального модуля; pz_form_success только по подтверждённому приёму, generate_lead с тем же event_id. Неперсональные данные в GA4; consent_analytics/consent_ads granted или denied, по умолчанию denied; заявка работает при отказе. Согласие на коммуникации отдельно. | Реестр маршрутов и согласия: Глобальная аналитика подключается один раз. Конфигурация берётся из реестра GTM; PZ_PAGE_CONFIG — необязательное переопределение. Формы передают page_type, page_name, source_page, customer_type, service_type, form_name и form_location вместе с каноническим контекстом. consent_marketing учитывается отдельно; Принять все допустимо с явным перечислением трёх целей. | Рабочий маршрут и SLA: По Bitrix24 v1.27 разделу 28 коммерческая заявка сайта создаёт одну сделку в Общей воронке, Новая заявка; первый контакт 30 минут в рабочее время. Профильную воронку назначает координатор сменой воронки той же сделки. Один путь доставки в Cloud Run, без второго моста Tilda. Для документов других регионов действует исключение медиаплана: выдача без передачи в продажи; для Кузет обследование не обязательно. | Единый контракт данных: Поле service удалить; использовать service_type из общего справочника, requested_action, cta_location и cta_text. ga_client_id связан с UF_CRM_GA_CLIENT_ID, а не UF_GOOGLE_CID. Payload и CRM сопоставлять по фактической карте полей; технический код услуги может преобразовываться в утверждённую категорию CRM, а os — в UF_CRM_DEVICE_OS. Не создавать дубли. | Бизнес результат: Для рекламной оптимизации Primary только contract_won из CRM по факту заключения договора. Форма, звонки, расчёт, выезд и КП — Secondary. Общая воронка, сохранение исходной потребности и атрибуции; перенос сделки не создаёт новую конверсию. | Структура и CTA: Один доминирующий CTA по типу страницы. Калькулятор или короткая форма до 3–4 мобильного экрана; объединить пересекающиеся блоки, убрать повторяющиеся галереи. Для новых страниц не задавать сокращение высоты от несуществующей базы. | URL огнетушителей: Целевой адрес услуги /perezaryadka-ognetushiteley/ вместо /ognetushiteli/. Исправить canonical и внутренние ссылки. URL калькулятора /kalkulyatory/ognetushiteli/ сохраняется. Перенос опубликованного адреса — по карте URL, не автоматическим редиректом."
13;ТЗ страницы Калькулятор планов эвакуации Pozharnik.kz.docx;Этап 2\ТЗ страницы Калькулятор планов эвакуации Pozharnik.kz.docx;Этап 2\ТЗ страницы Калькулятор планов эвакуации Pozharnik.kz.docx;2;/kalkulyatory/plany-evakuacii/;Требует содержательной актуализации;G02, G08, G07, G01, G03, G04;"Единые события и согласие: Веб-события pz_* из глобального модуля; pz_form_success только по подтверждённому приёму, generate_lead с тем же event_id. Неперсональные данные в GA4; consent_analytics/consent_ads granted или denied, по умолчанию denied; заявка работает при отказе. Согласие на коммуникации отдельно. | Реестр маршрутов и согласия: Глобальная аналитика подключается один раз. Конфигурация берётся из реестра GTM; PZ_PAGE_CONFIG — необязательное переопределение. Формы передают page_type, page_name, source_page, customer_type, service_type, form_name и form_location вместе с каноническим контекстом. consent_marketing учитывается отдельно; Принять все допустимо с явным перечислением трёх целей. | Рабочий маршрут и SLA: По Bitrix24 v1.27 разделу 28 коммерческая заявка сайта создаёт одну сделку в Общей воронке, Новая заявка; первый контакт 30 минут в рабочее время. Профильную воронку назначает координатор сменой воронки той же сделки. Один путь доставки в Cloud Run, без второго моста Tilda. Для документов других регионов действует исключение медиаплана: выдача без передачи в продажи; для Кузет обследование не обязательно. | Единый контракт данных: Поле service удалить; использовать service_type из общего справочника, requested_action, cta_location и cta_text. ga_client_id связан с UF_CRM_GA_CLIENT_ID, а не UF_GOOGLE_CID. Payload и CRM сопоставлять по фактической карте полей; технический код услуги может преобразовываться в утверждённую категорию CRM, а os — в UF_CRM_DEVICE_OS. Не создавать дубли. | Бизнес результат: Для рекламной оптимизации Primary только contract_won из CRM по факту заключения договора. Форма, звонки, расчёт, выезд и КП — Secondary. Общая воронка, сохранение исходной потребности и атрибуции; перенос сделки не создаёт новую конверсию. | Структура и CTA: Один доминирующий CTA по типу страницы. Калькулятор или короткая форма до 3–4 мобильного экрана; объединить пересекающиеся блоки, убрать повторяющиеся галереи. Для новых страниц не задавать сокращение высоты от несуществующей базы."
14;ТЗ страницы Перезарядка огнетушителей Pozharnik.kz.docx;Этап 2\ТЗ страницы Перезарядка огнетушителей Pozharnik.kz.docx;Этап 2\ТЗ страницы Перезарядка огнетушителей Pozharnik.kz.docx;2;/perezaryadka-ognetushiteley/;Требует содержательной актуализации;G02, G08, G07, G01, G03, G04;"Единые события и согласие: Веб-события pz_* из глобального модуля; pz_form_success только по подтверждённому приёму, generate_lead с тем же event_id. Неперсональные данные в GA4; consent_analytics/consent_ads granted или denied, по умолчанию denied; заявка работает при отказе. Согласие на коммуникации отдельно. | Реестр маршрутов и согласия: Глобальная аналитика подключается один раз. Конфигурация берётся из реестра GTM; PZ_PAGE_CONFIG — необязательное переопределение. Формы передают page_type, page_name, source_page, customer_type, service_type, form_name и form_location вместе с каноническим контекстом. consent_marketing учитывается отдельно; Принять все допустимо с явным перечислением трёх целей. | Рабочий маршрут и SLA: По Bitrix24 v1.27 разделу 28 коммерческая заявка сайта создаёт одну сделку в Общей воронке, Новая заявка; первый контакт 30 минут в рабочее время. Профильную воронку назначает координатор сменой воронки той же сделки. Один путь доставки в Cloud Run, без второго моста Tilda. Для документов других регионов действует исключение медиаплана: выдача без передачи в продажи; для Кузет обследование не обязательно. | Единый контракт данных: Поле service удалить; использовать service_type из общего справочника, requested_action, cta_location и cta_text. ga_client_id связан с UF_CRM_GA_CLIENT_ID, а не UF_GOOGLE_CID. Payload и CRM сопоставлять по фактической карте полей; технический код услуги может преобразовываться в утверждённую категорию CRM, а os — в UF_CRM_DEVICE_OS. Не создавать дубли. | Бизнес результат: Для рекламной оптимизации Primary только contract_won из CRM по факту заключения договора. Форма, звонки, расчёт, выезд и КП — Secondary. Общая воронка, сохранение исходной потребности и атрибуции; перенос сделки не создаёт новую конверсию. | Структура и CTA: Один доминирующий CTA по типу страницы. Калькулятор или короткая форма до 3–4 мобильного экрана; объединить пересекающиеся блоки, убрать повторяющиеся галереи. Для новых страниц не задавать сокращение высоты от несуществующей базы."
15;ТЗ страницы Планы эвакуации Pozharnik.kz.docx;Этап 2\ТЗ страницы Планы эвакуации Pozharnik.kz.docx;Этап 2\ТЗ страницы Планы эвакуации Pozharnik.kz.docx;2;/plany-evakuacii/;Требует содержательной актуализации;G02, G08, G07, G01, G03, G04;"Единые события и согласие: Веб-события pz_* из глобального модуля; pz_form_success только по подтверждённому приёму, generate_lead с тем же event_id. Неперсональные данные в GA4; consent_analytics/consent_ads granted или denied, по умолчанию denied; заявка работает при отказе. Согласие на коммуникации отдельно. | Реестр маршрутов и согласия: Глобальная аналитика подключается один раз. Конфигурация берётся из реестра GTM; PZ_PAGE_CONFIG — необязательное переопределение. Формы передают page_type, page_name, source_page, customer_type, service_type, form_name и form_location вместе с каноническим контекстом. consent_marketing учитывается отдельно; Принять все допустимо с явным перечислением трёх целей. | Рабочий маршрут и SLA: По Bitrix24 v1.27 разделу 28 коммерческая заявка сайта создаёт одну сделку в Общей воронке, Новая заявка; первый контакт 30 минут в рабочее время. Профильную воронку назначает координатор сменой воронки той же сделки. Один путь доставки в Cloud Run, без второго моста Tilda. Для документов других регионов действует исключение медиаплана: выдача без передачи в продажи; для Кузет обследование не обязательно. | Единый контракт данных: Поле service удалить; использовать service_type из общего справочника, requested_action, cta_location и cta_text. ga_client_id связан с UF_CRM_GA_CLIENT_ID, а не UF_GOOGLE_CID. Payload и CRM сопоставлять по фактической карте полей; технический код услуги может преобразовываться в утверждённую категорию CRM, а os — в UF_CRM_DEVICE_OS. Не создавать дубли. | Бизнес результат: Для рекламной оптимизации Primary только contract_won из CRM по факту заключения договора. Форма, звонки, расчёт, выезд и КП — Secondary. Общая воронка, сохранение исходной потребности и атрибуции; перенос сделки не создаёт новую конверсию. | Структура и CTA: Один доминирующий CTA по типу страницы. Калькулятор или короткая форма до 3–4 мобильного экрана; объединить пересекающиеся блоки, убрать повторяющиеся галереи. Для новых страниц не задавать сокращение высоты от несуществующей базы."
16;ТЗ страницы Стресс-тест пожарной системы Pozharnik.kz.docx;Этап 2\ТЗ страницы Стресс-тест пожарной системы Pozharnik.kz.docx;Этап 2\ТЗ страницы Стресс-тест пожарной системы Pozharnik.kz.docx;2;/stress-test/;Требует содержательной актуализации;G02, G08, G07, G01, G03, G04;"Единые события и согласие: Веб-события pz_* из глобального модуля; pz_form_success только по подтверждённому приёму, generate_lead с тем же event_id. Неперсональные данные в GA4; consent_analytics/consent_ads granted или denied, по умолчанию denied; заявка работает при отказе. Согласие на коммуникации отдельно. | Реестр маршрутов и согласия: Глобальная аналитика подключается один раз. Конфигурация берётся из реестра GTM; PZ_PAGE_CONFIG — необязательное переопределение. Формы передают page_type, page_name, source_page, customer_type, service_type, form_name и form_location вместе с каноническим контекстом. consent_marketing учитывается отдельно; Принять все допустимо с явным перечислением трёх целей. | Рабочий маршрут и SLA: По Bitrix24 v1.27 разделу 28 коммерческая заявка сайта создаёт одну сделку в Общей воронке, Новая заявка; первый контакт 30 минут в рабочее время. Профильную воронку назначает координатор сменой воронки той же сделки. Один путь доставки в Cloud Run, без второго моста Tilda. Для документов других регионов действует исключение медиаплана: выдача без передачи в продажи; для Кузет обследование не обязательно. | Единый контракт данных: Поле service удалить; использовать service_type из общего справочника, requested_action, cta_location и cta_text. ga_client_id связан с UF_CRM_GA_CLIENT_ID, а не UF_GOOGLE_CID. Payload и CRM сопоставлять по фактической карте полей; технический код услуги может преобразовываться в утверждённую категорию CRM, а os — в UF_CRM_DEVICE_OS. Не создавать дубли. | Бизнес результат: Для рекламной оптимизации Primary только contract_won из CRM по факту заключения договора. Форма, звонки, расчёт, выезд и КП — Secondary. Общая воронка, сохранение исходной потребности и атрибуции; перенос сделки не создаёт новую конверсию. | Структура и CTA: Один доминирующий CTA по типу страницы. Калькулятор или короткая форма до 3–4 мобильного экрана; объединить пересекающиеся блоки, убрать повторяющиеся галереи. Для новых страниц не задавать сокращение высоты от несуществующей базы."
17;ТЗ страницы Кейсы Pozharnik.kz.docx;Этап 3\ТЗ страницы Кейсы Pozharnik.kz.docx;Этап 3\ТЗ страницы Кейсы Pozharnik.kz.docx;3;/keysy/;Требует содержательной актуализации;G02, G08, G07, G01, G03;"Единые события и согласие: Веб-события pz_* из глобального модуля; pz_form_success только по подтверждённому приёму, generate_lead с тем же event_id. Неперсональные данные в GA4; consent_analytics/consent_ads granted или denied, по умолчанию denied; заявка работает при отказе. Согласие на коммуникации отдельно. | Реестр маршрутов и согласия: Глобальная аналитика подключается один раз. Конфигурация берётся из реестра GTM; PZ_PAGE_CONFIG — необязательное переопределение. Формы передают page_type, page_name, source_page, customer_type, service_type, form_name и form_location вместе с каноническим контекстом. consent_marketing учитывается отдельно; Принять все допустимо с явным перечислением трёх целей. | Рабочий маршрут и SLA: По Bitrix24 v1.27 разделу 28 коммерческая заявка сайта создаёт одну сделку в Общей воронке, Новая заявка; первый контакт 30 минут в рабочее время. Профильную воронку назначает координатор сменой воронки той же сделки. Один путь доставки в Cloud Run, без второго моста Tilda. Для документов других регионов действует исключение медиаплана: выдача без передачи в продажи; для Кузет обследование не обязательно. | Единый контракт данных: Поле service удалить; использовать service_type из общего справочника, requested_action, cta_location и cta_text. ga_client_id связан с UF_CRM_GA_CLIENT_ID, а не UF_GOOGLE_CID. Payload и CRM сопоставлять по фактической карте полей; технический код услуги может преобразовываться в утверждённую категорию CRM, а os — в UF_CRM_DEVICE_OS. Не создавать дубли. | Бизнес результат: Для рекламной оптимизации Primary только contract_won из CRM по факту заключения договора. Форма, звонки, расчёт, выезд и КП — Secondary. Общая воронка, сохранение исходной потребности и атрибуции; перенос сделки не создаёт новую конверсию."
18;ТЗ страницы Команда Pozharnik.kz.docx;Этап 3\ТЗ страницы Команда Pozharnik.kz.docx;Этап 3\ТЗ страницы Команда Pozharnik.kz.docx;3;/o-kompanii/komanda/;Требует содержательной актуализации;G02, G08, G07, G01, G03;"Единые события и согласие: Веб-события pz_* из глобального модуля; pz_form_success только по подтверждённому приёму, generate_lead с тем же event_id. Неперсональные данные в GA4; consent_analytics/consent_ads granted или denied, по умолчанию denied; заявка работает при отказе. Согласие на коммуникации отдельно. | Реестр маршрутов и согласия: Глобальная аналитика подключается один раз. Конфигурация берётся из реестра GTM; PZ_PAGE_CONFIG — необязательное переопределение. Формы передают page_type, page_name, source_page, customer_type, service_type, form_name и form_location вместе с каноническим контекстом. consent_marketing учитывается отдельно; Принять все допустимо с явным перечислением трёх целей. | Рабочий маршрут и SLA: По Bitrix24 v1.27 разделу 28 коммерческая заявка сайта создаёт одну сделку в Общей воронке, Новая заявка; первый контакт 30 минут в рабочее время. Профильную воронку назначает координатор сменой воронки той же сделки. Один путь доставки в Cloud Run, без второго моста Tilda. Для документов других регионов действует исключение медиаплана: выдача без передачи в продажи; для Кузет обследование не обязательно. | Единый контракт данных: Поле service удалить; использовать service_type из общего справочника, requested_action, cta_location и cta_text. ga_client_id связан с UF_CRM_GA_CLIENT_ID, а не UF_GOOGLE_CID. Payload и CRM сопоставлять по фактической карте полей; технический код услуги может преобразовываться в утверждённую категорию CRM, а os — в UF_CRM_DEVICE_OS. Не создавать дубли. | Бизнес результат: Для рекламной оптимизации Primary только contract_won из CRM по факту заключения договора. Форма, звонки, расчёт, выезд и КП — Secondary. Общая воронка, сохранение исходной потребности и атрибуции; перенос сделки не создаёт новую конверсию."
19;ТЗ страницы Контакты Pozharnik.kz.docx;Этап 3\ТЗ страницы Контакты Pozharnik.kz.docx;Этап 3\ТЗ страницы Контакты Pozharnik.kz.docx;3;/kontakty/;Требует содержательной актуализации;G02, G08, G07, G01, G03;"Единые события и согласие: Веб-события pz_* из глобального модуля; pz_form_success только по подтверждённому приёму, generate_lead с тем же event_id. Неперсональные данные в GA4; consent_analytics/consent_ads granted или denied, по умолчанию denied; заявка работает при отказе. Согласие на коммуникации отдельно. | Реестр маршрутов и согласия: Глобальная аналитика подключается один раз. Конфигурация берётся из реестра GTM; PZ_PAGE_CONFIG — необязательное переопределение. Формы передают page_type, page_name, source_page, customer_type, service_type, form_name и form_location вместе с каноническим контекстом. consent_marketing учитывается отдельно; Принять все допустимо с явным перечислением трёх целей. | Рабочий маршрут и SLA: По Bitrix24 v1.27 разделу 28 коммерческая заявка сайта создаёт одну сделку в Общей воронке, Новая заявка; первый контакт 30 минут в рабочее время. Профильную воронку назначает координатор сменой воронки той же сделки. Один путь доставки в Cloud Run, без второго моста Tilda. Для документов других регионов действует исключение медиаплана: выдача без передачи в продажи; для Кузет обследование не обязательно. | Единый контракт данных: Поле service удалить; использовать service_type из общего справочника, requested_action, cta_location и cta_text. ga_client_id связан с UF_CRM_GA_CLIENT_ID, а не UF_GOOGLE_CID. Payload и CRM сопоставлять по фактической карте полей; технический код услуги может преобразовываться в утверждённую категорию CRM, а os — в UF_CRM_DEVICE_OS. Не создавать дубли. | Бизнес результат: Для рекламной оптимизации Primary только contract_won из CRM по факту заключения договора. Форма, звонки, расчёт, выезд и КП — Secondary. Общая воронка, сохранение исходной потребности и атрибуции; перенос сделки не создаёт новую конверсию."
20;ТЗ страницы Лицензии Pozharnik.kz.docx;Этап 3\ТЗ страницы Лицензии Pozharnik.kz.docx;Этап 3\ТЗ страницы Лицензии Pozharnik.kz.docx;3;/o-kompanii/licenzii/;Требует содержательной актуализации;G02, G08, G07, G01, G03;"Единые события и согласие: Веб-события pz_* из глобального модуля; pz_form_success только по подтверждённому приёму, generate_lead с тем же event_id. Неперсональные данные в GA4; consent_analytics/consent_ads granted или denied, по умолчанию denied; заявка работает при отказе. Согласие на коммуникации отдельно. | Реестр маршрутов и согласия: Глобальная аналитика подключается один раз. Конфигурация берётся из реестра GTM; PZ_PAGE_CONFIG — необязательное переопределение. Формы передают page_type, page_name, source_page, customer_type, service_type, form_name и form_location вместе с каноническим контекстом. consent_marketing учитывается отдельно; Принять все допустимо с явным перечислением трёх целей. | Рабочий маршрут и SLA: По Bitrix24 v1.27 разделу 28 коммерческая заявка сайта создаёт одну сделку в Общей воронке, Новая заявка; первый контакт 30 минут в рабочее время. Профильную воронку назначает координатор сменой воронки той же сделки. Один путь доставки в Cloud Run, без второго моста Tilda. Для документов других регионов действует исключение медиаплана: выдача без передачи в продажи; для Кузет обследование не обязательно. | Единый контракт данных: Поле service удалить; использовать service_type из общего справочника, requested_action, cta_location и cta_text. ga_client_id связан с UF_CRM_GA_CLIENT_ID, а не UF_GOOGLE_CID. Payload и CRM сопоставлять по фактической карте полей; технический код услуги может преобразовываться в утверждённую категорию CRM, а os — в UF_CRM_DEVICE_OS. Не создавать дубли. | Бизнес результат: Для рекламной оптимизации Primary только contract_won из CRM по факту заключения договора. Форма, звонки, расчёт, выезд и КП — Secondary. Общая воронка, сохранение исходной потребности и атрибуции; перенос сделки не создаёт новую конверсию."
21;ТЗ страницы О компании Pozharnik.kz.docx;Этап 3\ТЗ страницы О компании Pozharnik.kz.docx;Этап 3\ТЗ страницы О компании Pozharnik.kz.docx;3;/o-kompanii/;Требует содержательной актуализации;G02, G08, G07, G01, G03;"Единые события и согласие: Веб-события pz_* из глобального модуля; pz_form_success только по подтверждённому приёму, generate_lead с тем же event_id. Неперсональные данные в GA4; consent_analytics/consent_ads granted или denied, по умолчанию denied; заявка работает при отказе. Согласие на коммуникации отдельно. | Реестр маршрутов и согласия: Глобальная аналитика подключается один раз. Конфигурация берётся из реестра GTM; PZ_PAGE_CONFIG — необязательное переопределение. Формы передают page_type, page_name, source_page, customer_type, service_type, form_name и form_location вместе с каноническим контекстом. consent_marketing учитывается отдельно; Принять все допустимо с явным перечислением трёх целей. | Рабочий маршрут и SLA: По Bitrix24 v1.27 разделу 28 коммерческая заявка сайта создаёт одну сделку в Общей воронке, Новая заявка; первый контакт 30 минут в рабочее время. Профильную воронку назначает координатор сменой воронки той же сделки. Один путь доставки в Cloud Run, без второго моста Tilda. Для документов других регионов действует исключение медиаплана: выдача без передачи в продажи; для Кузет обследование не обязательно. | Единый контракт данных: Поле service удалить; использовать service_type из общего справочника, requested_action, cta_location и cta_text. ga_client_id связан с UF_CRM_GA_CLIENT_ID, а не UF_GOOGLE_CID. Payload и CRM сопоставлять по фактической карте полей; технический код услуги может преобразовываться в утверждённую категорию CRM, а os — в UF_CRM_DEVICE_OS. Не создавать дубли. | Бизнес результат: Для рекламной оптимизации Primary только contract_won из CRM по факту заключения договора. Форма, звонки, расчёт, выезд и КП — Secondary. Общая воронка, сохранение исходной потребности и атрибуции; перенос сделки не создаёт новую конверсию."
22;ТЗ страницы Отзывы Pozharnik.kz.docx;Этап 3\ТЗ страницы Отзывы Pozharnik.kz.docx;Этап 3\ТЗ страницы Отзывы Pozharnik.kz.docx;3;/o-kompanii/otzyvy/;Требует содержательной актуализации;G02, G08, G07, G01, G03;"Единые события и согласие: Веб-события pz_* из глобального модуля; pz_form_success только по подтверждённому приёму, generate_lead с тем же event_id. Неперсональные данные в GA4; consent_analytics/consent_ads granted или denied, по умолчанию denied; заявка работает при отказе. Согласие на коммуникации отдельно. | Реестр маршрутов и согласия: Глобальная аналитика подключается один раз. Конфигурация берётся из реестра GTM; PZ_PAGE_CONFIG — необязательное переопределение. Формы передают page_type, page_name, source_page, customer_type, service_type, form_name и form_location вместе с каноническим контекстом. consent_marketing учитывается отдельно; Принять все допустимо с явным перечислением трёх целей. | Рабочий маршрут и SLA: По Bitrix24 v1.27 разделу 28 коммерческая заявка сайта создаёт одну сделку в Общей воронке, Новая заявка; первый контакт 30 минут в рабочее время. Профильную воронку назначает координатор сменой воронки той же сделки. Один путь доставки в Cloud Run, без второго моста Tilda. Для документов других регионов действует исключение медиаплана: выдача без передачи в продажи; для Кузет обследование не обязательно. | Единый контракт данных: Поле service удалить; использовать service_type из общего справочника, requested_action, cta_location и cta_text. ga_client_id связан с UF_CRM_GA_CLIENT_ID, а не UF_GOOGLE_CID. Payload и CRM сопоставлять по фактической карте полей; технический код услуги может преобразовываться в утверждённую категорию CRM, а os — в UF_CRM_DEVICE_OS. Не создавать дубли. | Бизнес результат: Для рекламной оптимизации Primary только contract_won из CRM по факту заключения договора. Форма, звонки, расчёт, выезд и КП — Secondary. Общая воронка, сохранение исходной потребности и атрибуции; перенос сделки не создаёт новую конверсию."
23;ТЗ страницы Адресная и пороговая АПС Pozharnik.kz.docx;Этап 4\ТЗ страницы Адресная и пороговая АПС Pozharnik.kz.docx;Этап 4\ТЗ страницы Адресная и пороговая АПС Pozharnik.kz.docx;4;/adresnaya-vs-porogovaya/;Требует содержательной актуализации;G02, G08, G07, G01, G03, G04;"Единые события и согласие: Веб-события pz_* из глобального модуля; pz_form_success только по подтверждённому приёму, generate_lead с тем же event_id. Неперсональные данные в GA4; consent_analytics/consent_ads granted или denied, по умолчанию denied; заявка работает при отказе. Согласие на коммуникации отдельно. | Реестр маршрутов и согласия: Глобальная аналитика подключается один раз. Конфигурация берётся из реестра GTM; PZ_PAGE_CONFIG — необязательное переопределение. Формы передают page_type, page_name, source_page, customer_type, service_type, form_name и form_location вместе с каноническим контекстом. consent_marketing учитывается отдельно; Принять все допустимо с явным перечислением трёх целей. | Рабочий маршрут и SLA: По Bitrix24 v1.27 разделу 28 коммерческая заявка сайта создаёт одну сделку в Общей воронке, Новая заявка; первый контакт 30 минут в рабочее время. Профильную воронку назначает координатор сменой воронки той же сделки. Один путь доставки в Cloud Run, без второго моста Tilda. Для документов других регионов действует исключение медиаплана: выдача без передачи в продажи; для Кузет обследование не обязательно. | Единый контракт данных: Поле service удалить; использовать service_type из общего справочника, requested_action, cta_location и cta_text. ga_client_id связан с UF_CRM_GA_CLIENT_ID, а не UF_GOOGLE_CID. Payload и CRM сопоставлять по фактической карте полей; технический код услуги может преобразовываться в утверждённую категорию CRM, а os — в UF_CRM_DEVICE_OS. Не создавать дубли. | Бизнес результат: Для рекламной оптимизации Primary только contract_won из CRM по факту заключения договора. Форма, звонки, расчёт, выезд и КП — Secondary. Общая воронка, сохранение исходной потребности и атрибуции; перенос сделки не создаёт новую конверсию. | Структура и CTA: Один доминирующий CTA по типу страницы. Калькулятор или короткая форма до 3–4 мобильного экрана; объединить пересекающиеся блоки, убрать повторяющиеся галереи. Для новых страниц не задавать сокращение высоты от несуществующей базы."
24;ТЗ страницы Как отключить или сбросить сигнализацию Pozharnik.kz.docx;Этап 4\ТЗ страницы Как отключить или сбросить сигнализацию Pozharnik.kz.docx;Этап 4\ТЗ страницы Как отключить или сбросить сигнализацию Pozharnik.kz.docx;4;/srabotka/kak-otklyuchit/;Требует содержательной актуализации;G02, G08, G07, G01, G03, G04;"Единые события и согласие: Веб-события pz_* из глобального модуля; pz_form_success только по подтверждённому приёму, generate_lead с тем же event_id. Неперсональные данные в GA4; consent_analytics/consent_ads granted или denied, по умолчанию denied; заявка работает при отказе. Согласие на коммуникации отдельно. | Реестр маршрутов и согласия: Глобальная аналитика подключается один раз. Конфигурация берётся из реестра GTM; PZ_PAGE_CONFIG — необязательное переопределение. Формы передают page_type, page_name, source_page, customer_type, service_type, form_name и form_location вместе с каноническим контекстом. consent_marketing учитывается отдельно; Принять все допустимо с явным перечислением трёх целей. | Рабочий маршрут и SLA: По Bitrix24 v1.27 разделу 28 коммерческая заявка сайта создаёт одну сделку в Общей воронке, Новая заявка; первый контакт 30 минут в рабочее время. Профильную воронку назначает координатор сменой воронки той же сделки. Один путь доставки в Cloud Run, без второго моста Tilda. Для документов других регионов действует исключение медиаплана: выдача без передачи в продажи; для Кузет обследование не обязательно. | Единый контракт данных: Поле service удалить; использовать service_type из общего справочника, requested_action, cta_location и cta_text. ga_client_id связан с UF_CRM_GA_CLIENT_ID, а не UF_GOOGLE_CID. Payload и CRM сопоставлять по фактической карте полей; технический код услуги может преобразовываться в утверждённую категорию CRM, а os — в UF_CRM_DEVICE_OS. Не создавать дубли. | Бизнес результат: Для рекламной оптимизации Primary только contract_won из CRM по факту заключения договора. Форма, звонки, расчёт, выезд и КП — Secondary. Общая воронка, сохранение исходной потребности и атрибуции; перенос сделки не создаёт новую конверсию. | Структура и CTA: Один доминирующий CTA по типу страницы. Калькулятор или короткая форма до 3–4 мобильного экрана; объединить пересекающиеся блоки, убрать повторяющиеся галереи. Для новых страниц не задавать сокращение высоты от несуществующей базы."
25;ТЗ страницы Ложные срабатывания Pozharnik.kz.docx;Этап 4\ТЗ страницы Ложные срабатывания Pozharnik.kz.docx;Этап 4\ТЗ страницы Ложные срабатывания Pozharnik.kz.docx;4;/srabotka/lozhnye/;Требует содержательной актуализации;G02, G08, G07, G01, G03, G04;"Единые события и согласие: Веб-события pz_* из глобального модуля; pz_form_success только по подтверждённому приёму, generate_lead с тем же event_id. Неперсональные данные в GA4; consent_analytics/consent_ads granted или denied, по умолчанию denied; заявка работает при отказе. Согласие на коммуникации отдельно. | Реестр маршрутов и согласия: Глобальная аналитика подключается один раз. Конфигурация берётся из реестра GTM; PZ_PAGE_CONFIG — необязательное переопределение. Формы передают page_type, page_name, source_page, customer_type, service_type, form_name и form_location вместе с каноническим контекстом. consent_marketing учитывается отдельно; Принять все допустимо с явным перечислением трёх целей. | Рабочий маршрут и SLA: По Bitrix24 v1.27 разделу 28 коммерческая заявка сайта создаёт одну сделку в Общей воронке, Новая заявка; первый контакт 30 минут в рабочее время. Профильную воронку назначает координатор сменой воронки той же сделки. Один путь доставки в Cloud Run, без второго моста Tilda. Для документов других регионов действует исключение медиаплана: выдача без передачи в продажи; для Кузет обследование не обязательно. | Единый контракт данных: Поле service удалить; использовать service_type из общего справочника, requested_action, cta_location и cta_text. ga_client_id связан с UF_CRM_GA_CLIENT_ID, а не UF_GOOGLE_CID. Payload и CRM сопоставлять по фактической карте полей; технический код услуги может преобразовываться в утверждённую категорию CRM, а os — в UF_CRM_DEVICE_OS. Не создавать дубли. | Бизнес результат: Для рекламной оптимизации Primary только contract_won из CRM по факту заключения договора. Форма, звонки, расчёт, выезд и КП — Secondary. Общая воронка, сохранение исходной потребности и атрибуции; перенос сделки не создаёт новую конверсию. | Структура и CTA: Один доминирующий CTA по типу страницы. Калькулятор или короткая форма до 3–4 мобильного экрана; объединить пересекающиеся блоки, убрать повторяющиеся галереи. Для новых страниц не задавать сокращение высоты от несуществующей базы."
26;ТЗ страницы Периодичность обслуживания АПС Pozharnik.kz.docx;Этап 4\ТЗ страницы Периодичность обслуживания АПС Pozharnik.kz.docx;Этап 4\ТЗ страницы Периодичность обслуживания АПС Pozharnik.kz.docx;4;/periodichnost-obsluzhivaniya-aps/;Требует содержательной актуализации;G02, G08, G07, G01, G03, G04;"Единые события и согласие: Веб-события pz_* из глобального модуля; pz_form_success только по подтверждённому приёму, generate_lead с тем же event_id. Неперсональные данные в GA4; consent_analytics/consent_ads granted или denied, по умолчанию denied; заявка работает при отказе. Согласие на коммуникации отдельно. | Реестр маршрутов и согласия: Глобальная аналитика подключается один раз. Конфигурация берётся из реестра GTM; PZ_PAGE_CONFIG — необязательное переопределение. Формы передают page_type, page_name, source_page, customer_type, service_type, form_name и form_location вместе с каноническим контекстом. consent_marketing учитывается отдельно; Принять все допустимо с явным перечислением трёх целей. | Рабочий маршрут и SLA: По Bitrix24 v1.27 разделу 28 коммерческая заявка сайта создаёт одну сделку в Общей воронке, Новая заявка; первый контакт 30 минут в рабочее время. Профильную воронку назначает координатор сменой воронки той же сделки. Один путь доставки в Cloud Run, без второго моста Tilda. Для документов других регионов действует исключение медиаплана: выдача без передачи в продажи; для Кузет обследование не обязательно. | Единый контракт данных: Поле service удалить; использовать service_type из общего справочника, requested_action, cta_location и cta_text. ga_client_id связан с UF_CRM_GA_CLIENT_ID, а не UF_GOOGLE_CID. Payload и CRM сопоставлять по фактической карте полей; технический код услуги может преобразовываться в утверждённую категорию CRM, а os — в UF_CRM_DEVICE_OS. Не создавать дубли. | Бизнес результат: Для рекламной оптимизации Primary только contract_won из CRM по факту заключения договора. Форма, звонки, расчёт, выезд и КП — Secondary. Общая воронка, сохранение исходной потребности и атрибуции; перенос сделки не создаёт новую конверсию. | Структура и CTA: Один доминирующий CTA по типу страницы. Калькулятор или короткая форма до 3–4 мобильного экрана; объединить пересекающиеся блоки, убрать повторяющиеся галереи. Для новых страниц не задавать сокращение высоты от несуществующей базы."
27;ТЗ страницы Правила пожарной безопасности РК Pozharnik.kz.docx;Этап 4\ТЗ страницы Правила пожарной безопасности РК Pozharnik.kz.docx;Этап 4\ТЗ страницы Правила пожарной безопасности РК Pozharnik.kz.docx;4;/pravila-pb-rk/;Требует содержательной актуализации;G02, G08, G07, G01, G03, G04, D01;"Единые события и согласие: Веб-события pz_* из глобального модуля; pz_form_success только по подтверждённому приёму, generate_lead с тем же event_id. Неперсональные данные в GA4; consent_analytics/consent_ads granted или denied, по умолчанию denied; заявка работает при отказе. Согласие на коммуникации отдельно. | Реестр маршрутов и согласия: Глобальная аналитика подключается один раз. Конфигурация берётся из реестра GTM; PZ_PAGE_CONFIG — необязательное переопределение. Формы передают page_type, page_name, source_page, customer_type, service_type, form_name и form_location вместе с каноническим контекстом. consent_marketing учитывается отдельно; Принять все допустимо с явным перечислением трёх целей. | Рабочий маршрут и SLA: По Bitrix24 v1.27 разделу 28 коммерческая заявка сайта создаёт одну сделку в Общей воронке, Новая заявка; первый контакт 30 минут в рабочее время. Профильную воронку назначает координатор сменой воронки той же сделки. Один путь доставки в Cloud Run, без второго моста Tilda. Для документов других регионов действует исключение медиаплана: выдача без передачи в продажи; для Кузет обследование не обязательно. | Единый контракт данных: Поле service удалить; использовать service_type из общего справочника, requested_action, cta_location и cta_text. ga_client_id связан с UF_CRM_GA_CLIENT_ID, а не UF_GOOGLE_CID. Payload и CRM сопоставлять по фактической карте полей; технический код услуги может преобразовываться в утверждённую категорию CRM, а os — в UF_CRM_DEVICE_OS. Не создавать дубли. | Бизнес результат: Для рекламной оптимизации Primary только contract_won из CRM по факту заключения договора. Форма, звонки, расчёт, выезд и КП — Secondary. Общая воронка, сохранение исходной потребности и атрибуции; перенос сделки не создаёт новую конверсию. | Структура и CTA: Один доминирующий CTA по типу страницы. Калькулятор или короткая форма до 3–4 мобильного экрана; объединить пересекающиеся блоки, убрать повторяющиеся галереи. Для новых страниц не задавать сокращение высоты от несуществующей базы. | Лид магниты: Сохранить обязательный регион объекта, автоматическую выдачу другим регионам без продаж и отдельную аналитику. Технический учёт реализовать с учётом Bitrix24 Стандартный, без обязательного отдельного смарт-процесса/бизнес-процесса. Коммерческий мост «Рассчитать работы» requested_action=calculate; выдачу файла учитывать отдельным действием."
28;ТЗ страницы Прибор показывает неисправность Pozharnik.kz.docx;Этап 4\ТЗ страницы Прибор показывает неисправность Pozharnik.kz.docx;Этап 4\ТЗ страницы Прибор показывает неисправность Pozharnik.kz.docx;4;/srabotka/neispravnost/;Требует содержательной актуализации;G02, G08, G07, G01, G03, G04;"Единые события и согласие: Веб-события pz_* из глобального модуля; pz_form_success только по подтверждённому приёму, generate_lead с тем же event_id. Неперсональные данные в GA4; consent_analytics/consent_ads granted или denied, по умолчанию denied; заявка работает при отказе. Согласие на коммуникации отдельно. | Реестр маршрутов и согласия: Глобальная аналитика подключается один раз. Конфигурация берётся из реестра GTM; PZ_PAGE_CONFIG — необязательное переопределение. Формы передают page_type, page_name, source_page, customer_type, service_type, form_name и form_location вместе с каноническим контекстом. consent_marketing учитывается отдельно; Принять все допустимо с явным перечислением трёх целей. | Рабочий маршрут и SLA: По Bitrix24 v1.27 разделу 28 коммерческая заявка сайта создаёт одну сделку в Общей воронке, Новая заявка; первый контакт 30 минут в рабочее время. Профильную воронку назначает координатор сменой воронки той же сделки. Один путь доставки в Cloud Run, без второго моста Tilda. Для документов других регионов действует исключение медиаплана: выдача без передачи в продажи; для Кузет обследование не обязательно. | Единый контракт данных: Поле service удалить; использовать service_type из общего справочника, requested_action, cta_location и cta_text. ga_client_id связан с UF_CRM_GA_CLIENT_ID, а не UF_GOOGLE_CID. Payload и CRM сопоставлять по фактической карте полей; технический код услуги может преобразовываться в утверждённую категорию CRM, а os — в UF_CRM_DEVICE_OS. Не создавать дубли. | Бизнес результат: Для рекламной оптимизации Primary только contract_won из CRM по факту заключения договора. Форма, звонки, расчёт, выезд и КП — Secondary. Общая воронка, сохранение исходной потребности и атрибуции; перенос сделки не создаёт новую конверсию. | Структура и CTA: Один доминирующий CTA по типу страницы. Калькулятор или короткая форма до 3–4 мобильного экрана; объединить пересекающиеся блоки, убрать повторяющиеся галереи. Для новых страниц не задавать сокращение высоты от несуществующей базы."
29;ТЗ страницы Приказ МЧС РК №55 Pozharnik.kz.docx;Этап 4\ТЗ страницы Приказ МЧС РК №55 Pozharnik.kz.docx;Этап 4\ТЗ страницы Приказ МЧС РК №55 Pozharnik.kz.docx;4;/pravila-pb-rk/prikaz-55/;Требует содержательной актуализации;G02, G08, G07, G01, G03, G04, D01;"Единые события и согласие: Веб-события pz_* из глобального модуля; pz_form_success только по подтверждённому приёму, generate_lead с тем же event_id. Неперсональные данные в GA4; consent_analytics/consent_ads granted или denied, по умолчанию denied; заявка работает при отказе. Согласие на коммуникации отдельно. | Реестр маршрутов и согласия: Глобальная аналитика подключается один раз. Конфигурация берётся из реестра GTM; PZ_PAGE_CONFIG — необязательное переопределение. Формы передают page_type, page_name, source_page, customer_type, service_type, form_name и form_location вместе с каноническим контекстом. consent_marketing учитывается отдельно; Принять все допустимо с явным перечислением трёх целей. | Рабочий маршрут и SLA: По Bitrix24 v1.27 разделу 28 коммерческая заявка сайта создаёт одну сделку в Общей воронке, Новая заявка; первый контакт 30 минут в рабочее время. Профильную воронку назначает координатор сменой воронки той же сделки. Один путь доставки в Cloud Run, без второго моста Tilda. Для документов других регионов действует исключение медиаплана: выдача без передачи в продажи; для Кузет обследование не обязательно. | Единый контракт данных: Поле service удалить; использовать service_type из общего справочника, requested_action, cta_location и cta_text. ga_client_id связан с UF_CRM_GA_CLIENT_ID, а не UF_GOOGLE_CID. Payload и CRM сопоставлять по фактической карте полей; технический код услуги может преобразовываться в утверждённую категорию CRM, а os — в UF_CRM_DEVICE_OS. Не создавать дубли. | Бизнес результат: Для рекламной оптимизации Primary только contract_won из CRM по факту заключения договора. Форма, звонки, расчёт, выезд и КП — Secondary. Общая воронка, сохранение исходной потребности и атрибуции; перенос сделки не создаёт новую конверсию. | Структура и CTA: Один доминирующий CTA по типу страницы. Калькулятор или короткая форма до 3–4 мобильного экрана; объединить пересекающиеся блоки, убрать повторяющиеся галереи. Для новых страниц не задавать сокращение высоты от несуществующей базы. | Лид магниты: Сохранить обязательный регион объекта, автоматическую выдачу другим регионам без продаж и отдельную аналитику. Технический учёт реализовать с учётом Bitrix24 Стандартный, без обязательного отдельного смарт-процесса/бизнес-процесса. Коммерческий мост «Рассчитать работы» requested_action=calculate; выдачу файла учитывать отдельным действием."
30;ТЗ страницы Проверка ДЧС Pozharnik.kz.docx;Этап 4\ТЗ страницы Проверка ДЧС Pozharnik.kz.docx;Этап 4\ТЗ страницы Проверка ДЧС Pozharnik.kz.docx;4;/pravila-pb-rk/proverka-dchs/;Требует содержательной актуализации;G02, G08, G07, G01, G03, G04;"Единые события и согласие: Веб-события pz_* из глобального модуля; pz_form_success только по подтверждённому приёму, generate_lead с тем же event_id. Неперсональные данные в GA4; consent_analytics/consent_ads granted или denied, по умолчанию denied; заявка работает при отказе. Согласие на коммуникации отдельно. | Реестр маршрутов и согласия: Глобальная аналитика подключается один раз. Конфигурация берётся из реестра GTM; PZ_PAGE_CONFIG — необязательное переопределение. Формы передают page_type, page_name, source_page, customer_type, service_type, form_name и form_location вместе с каноническим контекстом. consent_marketing учитывается отдельно; Принять все допустимо с явным перечислением трёх целей. | Рабочий маршрут и SLA: По Bitrix24 v1.27 разделу 28 коммерческая заявка сайта создаёт одну сделку в Общей воронке, Новая заявка; первый контакт 30 минут в рабочее время. Профильную воронку назначает координатор сменой воронки той же сделки. Один путь доставки в Cloud Run, без второго моста Tilda. Для документов других регионов действует исключение медиаплана: выдача без передачи в продажи; для Кузет обследование не обязательно. | Единый контракт данных: Поле service удалить; использовать service_type из общего справочника, requested_action, cta_location и cta_text. ga_client_id связан с UF_CRM_GA_CLIENT_ID, а не UF_GOOGLE_CID. Payload и CRM сопоставлять по фактической карте полей; технический код услуги может преобразовываться в утверждённую категорию CRM, а os — в UF_CRM_DEVICE_OS. Не создавать дубли. | Бизнес результат: Для рекламной оптимизации Primary только contract_won из CRM по факту заключения договора. Форма, звонки, расчёт, выезд и КП — Secondary. Общая воронка, сохранение исходной потребности и атрибуции; перенос сделки не создаёт новую конверсию. | Структура и CTA: Один доминирующий CTA по типу страницы. Калькулятор или короткая форма до 3–4 мобильного экрана; объединить пересекающиеся блоки, убрать повторяющиеся галереи. Для новых страниц не задавать сокращение высоты от несуществующей базы."
31;ТЗ страницы Противопожарные инструктажи Pozharnik.kz.docx;Этап 4\ТЗ страницы Противопожарные инструктажи Pozharnik.kz.docx;Этап 4\ТЗ страницы Противопожарные инструктажи Pozharnik.kz.docx;4;/instruktazhi/;Требует содержательной актуализации;G02, G08, G07, G01, G03, G04, D01;"Единые события и согласие: Веб-события pz_* из глобального модуля; pz_form_success только по подтверждённому приёму, generate_lead с тем же event_id. Неперсональные данные в GA4; consent_analytics/consent_ads granted или denied, по умолчанию denied; заявка работает при отказе. Согласие на коммуникации отдельно. | Реестр маршрутов и согласия: Глобальная аналитика подключается один раз. Конфигурация берётся из реестра GTM; PZ_PAGE_CONFIG — необязательное переопределение. Формы передают page_type, page_name, source_page, customer_type, service_type, form_name и form_location вместе с каноническим контекстом. consent_marketing учитывается отдельно; Принять все допустимо с явным перечислением трёх целей. | Рабочий маршрут и SLA: По Bitrix24 v1.27 разделу 28 коммерческая заявка сайта создаёт одну сделку в Общей воронке, Новая заявка; первый контакт 30 минут в рабочее время. Профильную воронку назначает координатор сменой воронки той же сделки. Один путь доставки в Cloud Run, без второго моста Tilda. Для документов других регионов действует исключение медиаплана: выдача без передачи в продажи; для Кузет обследование не обязательно. | Единый контракт данных: Поле service удалить; использовать service_type из общего справочника, requested_action, cta_location и cta_text. ga_client_id связан с UF_CRM_GA_CLIENT_ID, а не UF_GOOGLE_CID. Payload и CRM сопоставлять по фактической карте полей; технический код услуги может преобразовываться в утверждённую категорию CRM, а os — в UF_CRM_DEVICE_OS. Не создавать дубли. | Бизнес результат: Для рекламной оптимизации Primary только contract_won из CRM по факту заключения договора. Форма, звонки, расчёт, выезд и КП — Secondary. Общая воронка, сохранение исходной потребности и атрибуции; перенос сделки не создаёт новую конверсию. | Структура и CTA: Один доминирующий CTA по типу страницы. Калькулятор или короткая форма до 3–4 мобильного экрана; объединить пересекающиеся блоки, убрать повторяющиеся галереи. Для новых страниц не задавать сокращение высоты от несуществующей базы. | Лид магниты: Сохранить обязательный регион объекта, автоматическую выдачу другим регионам без продаж и отдельную аналитику. Технический учёт реализовать с учётом Bitrix24 Стандартный, без обязательного отдельного смарт-процесса/бизнес-процесса. Коммерческий мост «Рассчитать работы» requested_action=calculate; выдачу файла учитывать отдельным действием."
32;ТЗ страницы Стоимость пожарной сигнализации Pozharnik.kz.docx;Этап 4\ТЗ страницы Стоимость пожарной сигнализации Pozharnik.kz.docx;Этап 4\ТЗ страницы Стоимость пожарной сигнализации Pozharnik.kz.docx;4;/stoimost-pozharnoy-signalizacii/;Требует содержательной актуализации;G02, G08, G07, G01, G03, G04;"Единые события и согласие: Веб-события pz_* из глобального модуля; pz_form_success только по подтверждённому приёму, generate_lead с тем же event_id. Неперсональные данные в GA4; consent_analytics/consent_ads granted или denied, по умолчанию denied; заявка работает при отказе. Согласие на коммуникации отдельно. | Реестр маршрутов и согласия: Глобальная аналитика подключается один раз. Конфигурация берётся из реестра GTM; PZ_PAGE_CONFIG — необязательное переопределение. Формы передают page_type, page_name, source_page, customer_type, service_type, form_name и form_location вместе с каноническим контекстом. consent_marketing учитывается отдельно; Принять все допустимо с явным перечислением трёх целей. | Рабочий маршрут и SLA: По Bitrix24 v1.27 разделу 28 коммерческая заявка сайта создаёт одну сделку в Общей воронке, Новая заявка; первый контакт 30 минут в рабочее время. Профильную воронку назначает координатор сменой воронки той же сделки. Один путь доставки в Cloud Run, без второго моста Tilda. Для документов других регионов действует исключение медиаплана: выдача без передачи в продажи; для Кузет обследование не обязательно. | Единый контракт данных: Поле service удалить; использовать service_type из общего справочника, requested_action, cta_location и cta_text. ga_client_id связан с UF_CRM_GA_CLIENT_ID, а не UF_GOOGLE_CID. Payload и CRM сопоставлять по фактической карте полей; технический код услуги может преобразовываться в утверждённую категорию CRM, а os — в UF_CRM_DEVICE_OS. Не создавать дубли. | Бизнес результат: Для рекламной оптимизации Primary только contract_won из CRM по факту заключения договора. Форма, звонки, расчёт, выезд и КП — Secondary. Общая воронка, сохранение исходной потребности и атрибуции; перенос сделки не создаёт новую конверсию. | Структура и CTA: Один доминирующий CTA по типу страницы. Калькулятор или короткая форма до 3–4 мобильного экрана; объединить пересекающиеся блоки, убрать повторяющиеся галереи. Для новых страниц не задавать сокращение высоты от несуществующей базы."
33;ТЗ Этап 5 Документы для привлечения ЛПР Pozharnik.kz.docx;Этап 5\ТЗ Этап 5 Документы для привлечения ЛПР Pozharnik.kz.docx;Этап 5\ТЗ Этап 5 Документы для привлечения ЛПР Pozharnik.kz.docx;5;/dokumenty/ — 9 страниц;Требует содержательной актуализации;G02, G08, G07, G01, G03, G04, U02, D01, D02;"Единые события и согласие: Веб-события pz_* из глобального модуля; pz_form_success только по подтверждённому приёму, generate_lead с тем же event_id. Неперсональные данные в GA4; consent_analytics/consent_ads granted или denied, по умолчанию denied; заявка работает при отказе. Согласие на коммуникации отдельно. | Реестр маршрутов и согласия: Глобальная аналитика подключается один раз. Конфигурация берётся из реестра GTM; PZ_PAGE_CONFIG — необязательное переопределение. Формы передают page_type, page_name, source_page, customer_type, service_type, form_name и form_location вместе с каноническим контекстом. consent_marketing учитывается отдельно; Принять все допустимо с явным перечислением трёх целей. | Рабочий маршрут и SLA: По Bitrix24 v1.27 разделу 28 коммерческая заявка сайта создаёт одну сделку в Общей воронке, Новая заявка; первый контакт 30 минут в рабочее время. Профильную воронку назначает координатор сменой воронки той же сделки. Один путь доставки в Cloud Run, без второго моста Tilda. Для документов других регионов действует исключение медиаплана: выдача без передачи в продажи; для Кузет обследование не обязательно. | Единый контракт данных: Поле service удалить; использовать service_type из общего справочника, requested_action, cta_location и cta_text. ga_client_id связан с UF_CRM_GA_CLIENT_ID, а не UF_GOOGLE_CID. Payload и CRM сопоставлять по фактической карте полей; технический код услуги может преобразовываться в утверждённую категорию CRM, а os — в UF_CRM_DEVICE_OS. Не создавать дубли. | Бизнес результат: Для рекламной оптимизации Primary только contract_won из CRM по факту заключения договора. Форма, звонки, расчёт, выезд и КП — Secondary. Общая воронка, сохранение исходной потребности и атрибуции; перенос сделки не создаёт новую конверсию. | Структура и CTA: Один доминирующий CTA по типу страницы. Калькулятор или короткая форма до 3–4 мобильного экрана; объединить пересекающиеся блоки, убрать повторяющиеся галереи. Для новых страниц не задавать сокращение высоты от несуществующей базы. | URL пожарных кранов: Целевой адрес услуги /ispytaniya-pozharnyh-kranov/ вместо /ispytaniya-pk/. Исправить canonical и ссылку из акта. Документ /dokumenty/akt-ispytaniya-kranov/ сохраняется. | Лид магниты: Сохранить обязательный регион объекта, автоматическую выдачу другим регионам без продаж и отдельную аналитику. Технический учёт реализовать с учётом Bitrix24 Стандартный, без обязательного отдельного смарт-процесса/бизнес-процесса. Коммерческий мост «Рассчитать работы» requested_action=calculate; выдачу файла учитывать отдельным действием. | Программа вводного инструктажа: Дерево сайта называет материал «Программа вводного инструктажа». В ТЗ задана общая программа с выбором вида. Закрепить вводный вариант как основной комплект либо явно согласовать расширение; URL не менять."
34;ТЗ страницы Монтаж АПС для кафе и ресторана Pozharnik.kz.docx;Этап 6\ТЗ страницы Монтаж АПС для кафе и ресторана Pozharnik.kz.docx;Этап 6\ТЗ страницы Монтаж АПС для кафе и ресторана Pozharnik.kz.docx;6;/montazh/kafe/;Требует содержательной актуализации;G02, G08, G07, G01, G03, G04;"Единые события и согласие: Веб-события pz_* из глобального модуля; pz_form_success только по подтверждённому приёму, generate_lead с тем же event_id. Неперсональные данные в GA4; consent_analytics/consent_ads granted или denied, по умолчанию denied; заявка работает при отказе. Согласие на коммуникации отдельно. | Реестр маршрутов и согласия: Глобальная аналитика подключается один раз. Конфигурация берётся из реестра GTM; PZ_PAGE_CONFIG — необязательное переопределение. Формы передают page_type, page_name, source_page, customer_type, service_type, form_name и form_location вместе с каноническим контекстом. consent_marketing учитывается отдельно; Принять все допустимо с явным перечислением трёх целей. | Рабочий маршрут и SLA: По Bitrix24 v1.27 разделу 28 коммерческая заявка сайта создаёт одну сделку в Общей воронке, Новая заявка; первый контакт 30 минут в рабочее время. Профильную воронку назначает координатор сменой воронки той же сделки. Один путь доставки в Cloud Run, без второго моста Tilda. Для документов других регионов действует исключение медиаплана: выдача без передачи в продажи; для Кузет обследование не обязательно. | Единый контракт данных: Поле service удалить; использовать service_type из общего справочника, requested_action, cta_location и cta_text. ga_client_id связан с UF_CRM_GA_CLIENT_ID, а не UF_GOOGLE_CID. Payload и CRM сопоставлять по фактической карте полей; технический код услуги может преобразовываться в утверждённую категорию CRM, а os — в UF_CRM_DEVICE_OS. Не создавать дубли. | Бизнес результат: Для рекламной оптимизации Primary только contract_won из CRM по факту заключения договора. Форма, звонки, расчёт, выезд и КП — Secondary. Общая воронка, сохранение исходной потребности и атрибуции; перенос сделки не создаёт новую конверсию. | Структура и CTA: Один доминирующий CTA по типу страницы. Калькулятор или короткая форма до 3–4 мобильного экрана; объединить пересекающиеся блоки, убрать повторяющиеся галереи. Для новых страниц не задавать сокращение высоты от несуществующей базы."
35;ТЗ страницы Монтаж АПС для магазина Pozharnik.kz.docx;Этап 6\ТЗ страницы Монтаж АПС для магазина Pozharnik.kz.docx;Этап 6\ТЗ страницы Монтаж АПС для магазина Pozharnik.kz.docx;6;/montazh/magazin/;Требует содержательной актуализации;G02, G08, G07, G01, G03, G04;"Единые события и согласие: Веб-события pz_* из глобального модуля; pz_form_success только по подтверждённому приёму, generate_lead с тем же event_id. Неперсональные данные в GA4; consent_analytics/consent_ads granted или denied, по умолчанию denied; заявка работает при отказе. Согласие на коммуникации отдельно. | Реестр маршрутов и согласия: Глобальная аналитика подключается один раз. Конфигурация берётся из реестра GTM; PZ_PAGE_CONFIG — необязательное переопределение. Формы передают page_type, page_name, source_page, customer_type, service_type, form_name и form_location вместе с каноническим контекстом. consent_marketing учитывается отдельно; Принять все допустимо с явным перечислением трёх целей. | Рабочий маршрут и SLA: По Bitrix24 v1.27 разделу 28 коммерческая заявка сайта создаёт одну сделку в Общей воронке, Новая заявка; первый контакт 30 минут в рабочее время. Профильную воронку назначает координатор сменой воронки той же сделки. Один путь доставки в Cloud Run, без второго моста Tilda. Для документов других регионов действует исключение медиаплана: выдача без передачи в продажи; для Кузет обследование не обязательно. | Единый контракт данных: Поле service удалить; использовать service_type из общего справочника, requested_action, cta_location и cta_text. ga_client_id связан с UF_CRM_GA_CLIENT_ID, а не UF_GOOGLE_CID. Payload и CRM сопоставлять по фактической карте полей; технический код услуги может преобразовываться в утверждённую категорию CRM, а os — в UF_CRM_DEVICE_OS. Не создавать дубли. | Бизнес результат: Для рекламной оптимизации Primary только contract_won из CRM по факту заключения договора. Форма, звонки, расчёт, выезд и КП — Secondary. Общая воронка, сохранение исходной потребности и атрибуции; перенос сделки не создаёт новую конверсию. | Структура и CTA: Один доминирующий CTA по типу страницы. Калькулятор или короткая форма до 3–4 мобильного экрана; объединить пересекающиеся блоки, убрать повторяющиеся галереи. Для новых страниц не задавать сокращение высоты от несуществующей базы."
36;ТЗ страницы Монтаж АПС для медицинского центра Pozharnik.kz.docx;Этап 6\ТЗ страницы Монтаж АПС для медицинского центра Pozharnik.kz.docx;Этап 6\ТЗ страницы Монтаж АПС для медицинского центра Pozharnik.kz.docx;6;/montazh/medcentr/;Требует содержательной актуализации;G02, G08, G07, G01, G03, G04;"Единые события и согласие: Веб-события pz_* из глобального модуля; pz_form_success только по подтверждённому приёму, generate_lead с тем же event_id. Неперсональные данные в GA4; consent_analytics/consent_ads granted или denied, по умолчанию denied; заявка работает при отказе. Согласие на коммуникации отдельно. | Реестр маршрутов и согласия: Глобальная аналитика подключается один раз. Конфигурация берётся из реестра GTM; PZ_PAGE_CONFIG — необязательное переопределение. Формы передают page_type, page_name, source_page, customer_type, service_type, form_name и form_location вместе с каноническим контекстом. consent_marketing учитывается отдельно; Принять все допустимо с явным перечислением трёх целей. | Рабочий маршрут и SLA: По Bitrix24 v1.27 разделу 28 коммерческая заявка сайта создаёт одну сделку в Общей воронке, Новая заявка; первый контакт 30 минут в рабочее время. Профильную воронку назначает координатор сменой воронки той же сделки. Один путь доставки в Cloud Run, без второго моста Tilda. Для документов других регионов действует исключение медиаплана: выдача без передачи в продажи; для Кузет обследование не обязательно. | Единый контракт данных: Поле service удалить; использовать service_type из общего справочника, requested_action, cta_location и cta_text. ga_client_id связан с UF_CRM_GA_CLIENT_ID, а не UF_GOOGLE_CID. Payload и CRM сопоставлять по фактической карте полей; технический код услуги может преобразовываться в утверждённую категорию CRM, а os — в UF_CRM_DEVICE_OS. Не создавать дубли. | Бизнес результат: Для рекламной оптимизации Primary только contract_won из CRM по факту заключения договора. Форма, звонки, расчёт, выезд и КП — Secondary. Общая воронка, сохранение исходной потребности и атрибуции; перенос сделки не создаёт новую конверсию. | Структура и CTA: Один доминирующий CTA по типу страницы. Калькулятор или короткая форма до 3–4 мобильного экрана; объединить пересекающиеся блоки, убрать повторяющиеся галереи. Для новых страниц не задавать сокращение высоты от несуществующей базы."
37;ТЗ страницы Монтаж АПС для офиса Pozharnik.kz.docx;Этап 6\ТЗ страницы Монтаж АПС для офиса Pozharnik.kz.docx;Этап 6\ТЗ страницы Монтаж АПС для офиса Pozharnik.kz.docx;6;/montazh/ofis/;Требует содержательной актуализации;G02, G08, G07, G01, G03, G04;"Единые события и согласие: Веб-события pz_* из глобального модуля; pz_form_success только по подтверждённому приёму, generate_lead с тем же event_id. Неперсональные данные в GA4; consent_analytics/consent_ads granted или denied, по умолчанию denied; заявка работает при отказе. Согласие на коммуникации отдельно. | Реестр маршрутов и согласия: Глобальная аналитика подключается один раз. Конфигурация берётся из реестра GTM; PZ_PAGE_CONFIG — необязательное переопределение. Формы передают page_type, page_name, source_page, customer_type, service_type, form_name и form_location вместе с каноническим контекстом. consent_marketing учитывается отдельно; Принять все допустимо с явным перечислением трёх целей. | Рабочий маршрут и SLA: По Bitrix24 v1.27 разделу 28 коммерческая заявка сайта создаёт одну сделку в Общей воронке, Новая заявка; первый контакт 30 минут в рабочее время. Профильную воронку назначает координатор сменой воронки той же сделки. Один путь доставки в Cloud Run, без второго моста Tilda. Для документов других регионов действует исключение медиаплана: выдача без передачи в продажи; для Кузет обследование не обязательно. | Единый контракт данных: Поле service удалить; использовать service_type из общего справочника, requested_action, cta_location и cta_text. ga_client_id связан с UF_CRM_GA_CLIENT_ID, а не UF_GOOGLE_CID. Payload и CRM сопоставлять по фактической карте полей; технический код услуги может преобразовываться в утверждённую категорию CRM, а os — в UF_CRM_DEVICE_OS. Не создавать дубли. | Бизнес результат: Для рекламной оптимизации Primary только contract_won из CRM по факту заключения договора. Форма, звонки, расчёт, выезд и КП — Secondary. Общая воронка, сохранение исходной потребности и атрибуции; перенос сделки не создаёт новую конверсию. | Структура и CTA: Один доминирующий CTA по типу страницы. Калькулятор или короткая форма до 3–4 мобильного экрана; объединить пересекающиеся блоки, убрать повторяющиеся галереи. Для новых страниц не задавать сокращение высоты от несуществующей базы."
38;ТЗ страницы Монтаж АПС для производства Pozharnik.kz.docx;Этап 6\ТЗ страницы Монтаж АПС для производства Pozharnik.kz.docx;Этап 6\ТЗ страницы Монтаж АПС для производства Pozharnik.kz.docx;6;/montazh/proizvodstvo/;Требует содержательной актуализации;G02, G08, G07, G01, G03, G04;"Единые события и согласие: Веб-события pz_* из глобального модуля; pz_form_success только по подтверждённому приёму, generate_lead с тем же event_id. Неперсональные данные в GA4; consent_analytics/consent_ads granted или denied, по умолчанию denied; заявка работает при отказе. Согласие на коммуникации отдельно. | Реестр маршрутов и согласия: Глобальная аналитика подключается один раз. Конфигурация берётся из реестра GTM; PZ_PAGE_CONFIG — необязательное переопределение. Формы передают page_type, page_name, source_page, customer_type, service_type, form_name и form_location вместе с каноническим контекстом. consent_marketing учитывается отдельно; Принять все допустимо с явным перечислением трёх целей. | Рабочий маршрут и SLA: По Bitrix24 v1.27 разделу 28 коммерческая заявка сайта создаёт одну сделку в Общей воронке, Новая заявка; первый контакт 30 минут в рабочее время. Профильную воронку назначает координатор сменой воронки той же сделки. Один путь доставки в Cloud Run, без второго моста Tilda. Для документов других регионов действует исключение медиаплана: выдача без передачи в продажи; для Кузет обследование не обязательно. | Единый контракт данных: Поле service удалить; использовать service_type из общего справочника, requested_action, cta_location и cta_text. ga_client_id связан с UF_CRM_GA_CLIENT_ID, а не UF_GOOGLE_CID. Payload и CRM сопоставлять по фактической карте полей; технический код услуги может преобразовываться в утверждённую категорию CRM, а os — в UF_CRM_DEVICE_OS. Не создавать дубли. | Бизнес результат: Для рекламной оптимизации Primary только contract_won из CRM по факту заключения договора. Форма, звонки, расчёт, выезд и КП — Secondary. Общая воронка, сохранение исходной потребности и атрибуции; перенос сделки не создаёт новую конверсию. | Структура и CTA: Один доминирующий CTA по типу страницы. Калькулятор или короткая форма до 3–4 мобильного экрана; объединить пересекающиеся блоки, убрать повторяющиеся галереи. Для новых страниц не задавать сокращение высоты от несуществующей базы."
39;ТЗ страницы Монтаж АПС для склада Pozharnik.kz.docx;Этап 6\ТЗ страницы Монтаж АПС для склада Pozharnik.kz.docx;Этап 6\ТЗ страницы Монтаж АПС для склада Pozharnik.kz.docx;6;/montazh/sklad/;Требует содержательной актуализации;G02, G08, G07, G01, G03, G04;"Единые события и согласие: Веб-события pz_* из глобального модуля; pz_form_success только по подтверждённому приёму, generate_lead с тем же event_id. Неперсональные данные в GA4; consent_analytics/consent_ads granted или denied, по умолчанию denied; заявка работает при отказе. Согласие на коммуникации отдельно. | Реестр маршрутов и согласия: Глобальная аналитика подключается один раз. Конфигурация берётся из реестра GTM; PZ_PAGE_CONFIG — необязательное переопределение. Формы передают page_type, page_name, source_page, customer_type, service_type, form_name и form_location вместе с каноническим контекстом. consent_marketing учитывается отдельно; Принять все допустимо с явным перечислением трёх целей. | Рабочий маршрут и SLA: По Bitrix24 v1.27 разделу 28 коммерческая заявка сайта создаёт одну сделку в Общей воронке, Новая заявка; первый контакт 30 минут в рабочее время. Профильную воронку назначает координатор сменой воронки той же сделки. Один путь доставки в Cloud Run, без второго моста Tilda. Для документов других регионов действует исключение медиаплана: выдача без передачи в продажи; для Кузет обследование не обязательно. | Единый контракт данных: Поле service удалить; использовать service_type из общего справочника, requested_action, cta_location и cta_text. ga_client_id связан с UF_CRM_GA_CLIENT_ID, а не UF_GOOGLE_CID. Payload и CRM сопоставлять по фактической карте полей; технический код услуги может преобразовываться в утверждённую категорию CRM, а os — в UF_CRM_DEVICE_OS. Не создавать дубли. | Бизнес результат: Для рекламной оптимизации Primary только contract_won из CRM по факту заключения договора. Форма, звонки, расчёт, выезд и КП — Secondary. Общая воронка, сохранение исходной потребности и атрибуции; перенос сделки не создаёт новую конверсию. | Структура и CTA: Один доминирующий CTA по типу страницы. Калькулятор или короткая форма до 3–4 мобильного экрана; объединить пересекающиеся блоки, убрать повторяющиеся галереи. Для новых страниц не задавать сокращение высоты от несуществующей базы."
40;ТЗ страницы Автоматическое пожаротушение Pozharnik.kz.docx;Этап 7\ТЗ страницы Автоматическое пожаротушение Pozharnik.kz.docx;Этап 7\ТЗ страницы Автоматическое пожаротушение Pozharnik.kz.docx;7;/pozharotushenie/;Требует содержательной актуализации;G02, G08, G07, G01, G03, G04;"Единые события и согласие: Веб-события pz_* из глобального модуля; pz_form_success только по подтверждённому приёму, generate_lead с тем же event_id. Неперсональные данные в GA4; consent_analytics/consent_ads granted или denied, по умолчанию denied; заявка работает при отказе. Согласие на коммуникации отдельно. | Реестр маршрутов и согласия: Глобальная аналитика подключается один раз. Конфигурация берётся из реестра GTM; PZ_PAGE_CONFIG — необязательное переопределение. Формы передают page_type, page_name, source_page, customer_type, service_type, form_name и form_location вместе с каноническим контекстом. consent_marketing учитывается отдельно; Принять все допустимо с явным перечислением трёх целей. | Рабочий маршрут и SLA: По Bitrix24 v1.27 разделу 28 коммерческая заявка сайта создаёт одну сделку в Общей воронке, Новая заявка; первый контакт 30 минут в рабочее время. Профильную воронку назначает координатор сменой воронки той же сделки. Один путь доставки в Cloud Run, без второго моста Tilda. Для документов других регионов действует исключение медиаплана: выдача без передачи в продажи; для Кузет обследование не обязательно. | Единый контракт данных: Поле service удалить; использовать service_type из общего справочника, requested_action, cta_location и cta_text. ga_client_id связан с UF_CRM_GA_CLIENT_ID, а не UF_GOOGLE_CID. Payload и CRM сопоставлять по фактической карте полей; технический код услуги может преобразовываться в утверждённую категорию CRM, а os — в UF_CRM_DEVICE_OS. Не создавать дубли. | Бизнес результат: Для рекламной оптимизации Primary только contract_won из CRM по факту заключения договора. Форма, звонки, расчёт, выезд и КП — Secondary. Общая воронка, сохранение исходной потребности и атрибуции; перенос сделки не создаёт новую конверсию. | Структура и CTA: Один доминирующий CTA по типу страницы. Калькулятор или короткая форма до 3–4 мобильного экрана; объединить пересекающиеся блоки, убрать повторяющиеся галереи. Для новых страниц не задавать сокращение высоты от несуществующей базы."
41;ТЗ страницы Антитеррористическая защищенность Pozharnik.kz.docx;Этап 7\ТЗ страницы Антитеррористическая защищенность Pozharnik.kz.docx;Этап 7\ТЗ страницы Антитеррористическая защищенность Pozharnik.kz.docx;7;/antiterror/;Требует содержательной актуализации;G02, G08, G07, G01, G03, G04;"Единые события и согласие: Веб-события pz_* из глобального модуля; pz_form_success только по подтверждённому приёму, generate_lead с тем же event_id. Неперсональные данные в GA4; consent_analytics/consent_ads granted или denied, по умолчанию denied; заявка работает при отказе. Согласие на коммуникации отдельно. | Реестр маршрутов и согласия: Глобальная аналитика подключается один раз. Конфигурация берётся из реестра GTM; PZ_PAGE_CONFIG — необязательное переопределение. Формы передают page_type, page_name, source_page, customer_type, service_type, form_name и form_location вместе с каноническим контекстом. consent_marketing учитывается отдельно; Принять все допустимо с явным перечислением трёх целей. | Рабочий маршрут и SLA: По Bitrix24 v1.27 разделу 28 коммерческая заявка сайта создаёт одну сделку в Общей воронке, Новая заявка; первый контакт 30 минут в рабочее время. Профильную воронку назначает координатор сменой воронки той же сделки. Один путь доставки в Cloud Run, без второго моста Tilda. Для документов других регионов действует исключение медиаплана: выдача без передачи в продажи; для Кузет обследование не обязательно. | Единый контракт данных: Поле service удалить; использовать service_type из общего справочника, requested_action, cta_location и cta_text. ga_client_id связан с UF_CRM_GA_CLIENT_ID, а не UF_GOOGLE_CID. Payload и CRM сопоставлять по фактической карте полей; технический код услуги может преобразовываться в утверждённую категорию CRM, а os — в UF_CRM_DEVICE_OS. Не создавать дубли. | Бизнес результат: Для рекламной оптимизации Primary только contract_won из CRM по факту заключения договора. Форма, звонки, расчёт, выезд и КП — Secondary. Общая воронка, сохранение исходной потребности и атрибуции; перенос сделки не создаёт новую конверсию. | Структура и CTA: Один доминирующий CTA по типу страницы. Калькулятор или короткая форма до 3–4 мобильного экрана; объединить пересекающиеся блоки, убрать повторяющиеся галереи. Для новых страниц не задавать сокращение высоты от несуществующей базы."
42;ТЗ страницы Замер сопротивления изоляции Pozharnik.kz.docx;Этап 7\ТЗ страницы Замер сопротивления изоляции Pozharnik.kz.docx;Этап 7\ТЗ страницы Замер сопротивления изоляции Pozharnik.kz.docx;7;/zsi/;Требует содержательной актуализации;G02, G08, G07, G01, G03, G04;"Единые события и согласие: Веб-события pz_* из глобального модуля; pz_form_success только по подтверждённому приёму, generate_lead с тем же event_id. Неперсональные данные в GA4; consent_analytics/consent_ads granted или denied, по умолчанию denied; заявка работает при отказе. Согласие на коммуникации отдельно. | Реестр маршрутов и согласия: Глобальная аналитика подключается один раз. Конфигурация берётся из реестра GTM; PZ_PAGE_CONFIG — необязательное переопределение. Формы передают page_type, page_name, source_page, customer_type, service_type, form_name и form_location вместе с каноническим контекстом. consent_marketing учитывается отдельно; Принять все допустимо с явным перечислением трёх целей. | Рабочий маршрут и SLA: По Bitrix24 v1.27 разделу 28 коммерческая заявка сайта создаёт одну сделку в Общей воронке, Новая заявка; первый контакт 30 минут в рабочее время. Профильную воронку назначает координатор сменой воронки той же сделки. Один путь доставки в Cloud Run, без второго моста Tilda. Для документов других регионов действует исключение медиаплана: выдача без передачи в продажи; для Кузет обследование не обязательно. | Единый контракт данных: Поле service удалить; использовать service_type из общего справочника, requested_action, cta_location и cta_text. ga_client_id связан с UF_CRM_GA_CLIENT_ID, а не UF_GOOGLE_CID. Payload и CRM сопоставлять по фактической карте полей; технический код услуги может преобразовываться в утверждённую категорию CRM, а os — в UF_CRM_DEVICE_OS. Не создавать дубли. | Бизнес результат: Для рекламной оптимизации Primary только contract_won из CRM по факту заключения договора. Форма, звонки, расчёт, выезд и КП — Secondary. Общая воронка, сохранение исходной потребности и атрибуции; перенос сделки не создаёт новую конверсию. | Структура и CTA: Один доминирующий CTA по типу страницы. Калькулятор или короткая форма до 3–4 мобильного экрана; объединить пересекающиеся блоки, убрать повторяющиеся галереи. Для новых страниц не задавать сокращение высоты от несуществующей базы."
43;ТЗ страницы Испытание пожарных лестниц Pozharnik.kz.docx;Этап 7\ТЗ страницы Испытание пожарных лестниц Pozharnik.kz.docx;Этап 7\ТЗ страницы Испытание пожарных лестниц Pozharnik.kz.docx;7;/ispytaniya-lestnic/;Требует содержательной актуализации;G02, G08, G07, G01, G03, G04;"Единые события и согласие: Веб-события pz_* из глобального модуля; pz_form_success только по подтверждённому приёму, generate_lead с тем же event_id. Неперсональные данные в GA4; consent_analytics/consent_ads granted или denied, по умолчанию denied; заявка работает при отказе. Согласие на коммуникации отдельно. | Реестр маршрутов и согласия: Глобальная аналитика подключается один раз. Конфигурация берётся из реестра GTM; PZ_PAGE_CONFIG — необязательное переопределение. Формы передают page_type, page_name, source_page, customer_type, service_type, form_name и form_location вместе с каноническим контекстом. consent_marketing учитывается отдельно; Принять все допустимо с явным перечислением трёх целей. | Рабочий маршрут и SLA: По Bitrix24 v1.27 разделу 28 коммерческая заявка сайта создаёт одну сделку в Общей воронке, Новая заявка; первый контакт 30 минут в рабочее время. Профильную воронку назначает координатор сменой воронки той же сделки. Один путь доставки в Cloud Run, без второго моста Tilda. Для документов других регионов действует исключение медиаплана: выдача без передачи в продажи; для Кузет обследование не обязательно. | Единый контракт данных: Поле service удалить; использовать service_type из общего справочника, requested_action, cta_location и cta_text. ga_client_id связан с UF_CRM_GA_CLIENT_ID, а не UF_GOOGLE_CID. Payload и CRM сопоставлять по фактической карте полей; технический код услуги может преобразовываться в утверждённую категорию CRM, а os — в UF_CRM_DEVICE_OS. Не создавать дубли. | Бизнес результат: Для рекламной оптимизации Primary только contract_won из CRM по факту заключения договора. Форма, звонки, расчёт, выезд и КП — Secondary. Общая воронка, сохранение исходной потребности и атрибуции; перенос сделки не создаёт новую конверсию. | Структура и CTA: Один доминирующий CTA по типу страницы. Калькулятор или короткая форма до 3–4 мобильного экрана; объединить пересекающиеся блоки, убрать повторяющиеся галереи. Для новых страниц не задавать сокращение высоты от несуществующей базы."
44;ТЗ страницы Модернизация АПС Pozharnik.kz.docx;Этап 7\ТЗ страницы Модернизация АПС Pozharnik.kz.docx;Этап 7\ТЗ страницы Модернизация АПС Pozharnik.kz.docx;7;/modernizaciya/;Требует содержательной актуализации;G02, G08, G07, G01, G03, G04;"Единые события и согласие: Веб-события pz_* из глобального модуля; pz_form_success только по подтверждённому приёму, generate_lead с тем же event_id. Неперсональные данные в GA4; consent_analytics/consent_ads granted или denied, по умолчанию denied; заявка работает при отказе. Согласие на коммуникации отдельно. | Реестр маршрутов и согласия: Глобальная аналитика подключается один раз. Конфигурация берётся из реестра GTM; PZ_PAGE_CONFIG — необязательное переопределение. Формы передают page_type, page_name, source_page, customer_type, service_type, form_name и form_location вместе с каноническим контекстом. consent_marketing учитывается отдельно; Принять все допустимо с явным перечислением трёх целей. | Рабочий маршрут и SLA: По Bitrix24 v1.27 разделу 28 коммерческая заявка сайта создаёт одну сделку в Общей воронке, Новая заявка; первый контакт 30 минут в рабочее время. Профильную воронку назначает координатор сменой воронки той же сделки. Один путь доставки в Cloud Run, без второго моста Tilda. Для документов других регионов действует исключение медиаплана: выдача без передачи в продажи; для Кузет обследование не обязательно. | Единый контракт данных: Поле service удалить; использовать service_type из общего справочника, requested_action, cta_location и cta_text. ga_client_id связан с UF_CRM_GA_CLIENT_ID, а не UF_GOOGLE_CID. Payload и CRM сопоставлять по фактической карте полей; технический код услуги может преобразовываться в утверждённую категорию CRM, а os — в UF_CRM_DEVICE_OS. Не создавать дубли. | Бизнес результат: Для рекламной оптимизации Primary только contract_won из CRM по факту заключения договора. Форма, звонки, расчёт, выезд и КП — Secondary. Общая воронка, сохранение исходной потребности и атрибуции; перенос сделки не создаёт новую конверсию. | Структура и CTA: Один доминирующий CTA по типу страницы. Калькулятор или короткая форма до 3–4 мобильного экрана; объединить пересекающиеся блоки, убрать повторяющиеся галереи. Для новых страниц не задавать сокращение высоты от несуществующей базы."
45;ТЗ страницы Обучение пожарной безопасности Pozharnik.kz.docx;Этап 7\ТЗ страницы Обучение пожарной безопасности Pozharnik.kz.docx;Этап 7\ТЗ страницы Обучение пожарной безопасности Pozharnik.kz.docx;7;/obuchenie/;Требует содержательной актуализации;G02, G08, G07, G01, G03, G04;"Единые события и согласие: Веб-события pz_* из глобального модуля; pz_form_success только по подтверждённому приёму, generate_lead с тем же event_id. Неперсональные данные в GA4; consent_analytics/consent_ads granted или denied, по умолчанию denied; заявка работает при отказе. Согласие на коммуникации отдельно. | Реестр маршрутов и согласия: Глобальная аналитика подключается один раз. Конфигурация берётся из реестра GTM; PZ_PAGE_CONFIG — необязательное переопределение. Формы передают page_type, page_name, source_page, customer_type, service_type, form_name и form_location вместе с каноническим контекстом. consent_marketing учитывается отдельно; Принять все допустимо с явным перечислением трёх целей. | Рабочий маршрут и SLA: По Bitrix24 v1.27 разделу 28 коммерческая заявка сайта создаёт одну сделку в Общей воронке, Новая заявка; первый контакт 30 минут в рабочее время. Профильную воронку назначает координатор сменой воронки той же сделки. Один путь доставки в Cloud Run, без второго моста Tilda. Для документов других регионов действует исключение медиаплана: выдача без передачи в продажи; для Кузет обследование не обязательно. | Единый контракт данных: Поле service удалить; использовать service_type из общего справочника, requested_action, cta_location и cta_text. ga_client_id связан с UF_CRM_GA_CLIENT_ID, а не UF_GOOGLE_CID. Payload и CRM сопоставлять по фактической карте полей; технический код услуги может преобразовываться в утверждённую категорию CRM, а os — в UF_CRM_DEVICE_OS. Не создавать дубли. | Бизнес результат: Для рекламной оптимизации Primary только contract_won из CRM по факту заключения договора. Форма, звонки, расчёт, выезд и КП — Secondary. Общая воронка, сохранение исходной потребности и атрибуции; перенос сделки не создаёт новую конверсию. | Структура и CTA: Один доминирующий CTA по типу страницы. Калькулятор или короткая форма до 3–4 мобильного экрана; объединить пересекающиеся блоки, убрать повторяющиеся галереи. Для новых страниц не задавать сокращение высоты от несуществующей базы."
46;ТЗ страницы Огнезащитная обработка Pozharnik.kz.docx;Этап 7\ТЗ страницы Огнезащитная обработка Pozharnik.kz.docx;Этап 7\ТЗ страницы Огнезащитная обработка Pozharnik.kz.docx;7;/ognezashita/;Требует содержательной актуализации;G02, G08, G07, G01, G03, G04;"Единые события и согласие: Веб-события pz_* из глобального модуля; pz_form_success только по подтверждённому приёму, generate_lead с тем же event_id. Неперсональные данные в GA4; consent_analytics/consent_ads granted или denied, по умолчанию denied; заявка работает при отказе. Согласие на коммуникации отдельно. | Реестр маршрутов и согласия: Глобальная аналитика подключается один раз. Конфигурация берётся из реестра GTM; PZ_PAGE_CONFIG — необязательное переопределение. Формы передают page_type, page_name, source_page, customer_type, service_type, form_name и form_location вместе с каноническим контекстом. consent_marketing учитывается отдельно; Принять все допустимо с явным перечислением трёх целей. | Рабочий маршрут и SLA: По Bitrix24 v1.27 разделу 28 коммерческая заявка сайта создаёт одну сделку в Общей воронке, Новая заявка; первый контакт 30 минут в рабочее время. Профильную воронку назначает координатор сменой воронки той же сделки. Один путь доставки в Cloud Run, без второго моста Tilda. Для документов других регионов действует исключение медиаплана: выдача без передачи в продажи; для Кузет обследование не обязательно. | Единый контракт данных: Поле service удалить; использовать service_type из общего справочника, requested_action, cta_location и cta_text. ga_client_id связан с UF_CRM_GA_CLIENT_ID, а не UF_GOOGLE_CID. Payload и CRM сопоставлять по фактической карте полей; технический код услуги может преобразовываться в утверждённую категорию CRM, а os — в UF_CRM_DEVICE_OS. Не создавать дубли. | Бизнес результат: Для рекламной оптимизации Primary только contract_won из CRM по факту заключения договора. Форма, звонки, расчёт, выезд и КП — Secondary. Общая воронка, сохранение исходной потребности и атрибуции; перенос сделки не создаёт новую конверсию. | Структура и CTA: Один доминирующий CTA по типу страницы. Калькулятор или короткая форма до 3–4 мобильного экрана; объединить пересекающиеся блоки, убрать повторяющиеся галереи. Для новых страниц не задавать сокращение высоты от несуществующей базы."
47;ТЗ страницы Проектирование АПС Pozharnik.kz.docx;Этап 7\ТЗ страницы Проектирование АПС Pozharnik.kz.docx;Этап 7\ТЗ страницы Проектирование АПС Pozharnik.kz.docx;7;/proektirovanie/;Требует содержательной актуализации;G02, G08, G07, G01, G03, G04;"Единые события и согласие: Веб-события pz_* из глобального модуля; pz_form_success только по подтверждённому приёму, generate_lead с тем же event_id. Неперсональные данные в GA4; consent_analytics/consent_ads granted или denied, по умолчанию denied; заявка работает при отказе. Согласие на коммуникации отдельно. | Реестр маршрутов и согласия: Глобальная аналитика подключается один раз. Конфигурация берётся из реестра GTM; PZ_PAGE_CONFIG — необязательное переопределение. Формы передают page_type, page_name, source_page, customer_type, service_type, form_name и form_location вместе с каноническим контекстом. consent_marketing учитывается отдельно; Принять все допустимо с явным перечислением трёх целей. | Рабочий маршрут и SLA: По Bitrix24 v1.27 разделу 28 коммерческая заявка сайта создаёт одну сделку в Общей воронке, Новая заявка; первый контакт 30 минут в рабочее время. Профильную воронку назначает координатор сменой воронки той же сделки. Один путь доставки в Cloud Run, без второго моста Tilda. Для документов других регионов действует исключение медиаплана: выдача без передачи в продажи; для Кузет обследование не обязательно. | Единый контракт данных: Поле service удалить; использовать service_type из общего справочника, requested_action, cta_location и cta_text. ga_client_id связан с UF_CRM_GA_CLIENT_ID, а не UF_GOOGLE_CID. Payload и CRM сопоставлять по фактической карте полей; технический код услуги может преобразовываться в утверждённую категорию CRM, а os — в UF_CRM_DEVICE_OS. Не создавать дубли. | Бизнес результат: Для рекламной оптимизации Primary только contract_won из CRM по факту заключения договора. Форма, звонки, расчёт, выезд и КП — Secondary. Общая воронка, сохранение исходной потребности и атрибуции; перенос сделки не создаёт новую конверсию. | Структура и CTA: Один доминирующий CTA по типу страницы. Калькулятор или короткая форма до 3–4 мобильного экрана; объединить пересекающиеся блоки, убрать повторяющиеся галереи. Для новых страниц не задавать сокращение высоты от несуществующей базы."
48;ТЗ страницы Ремонт АПС Pozharnik.kz.docx;Этап 7\ТЗ страницы Ремонт АПС Pozharnik.kz.docx;Этап 7\ТЗ страницы Ремонт АПС Pozharnik.kz.docx;7;/remont/;Требует содержательной актуализации;G02, G08, G07, G01, G03, G04;"Единые события и согласие: Веб-события pz_* из глобального модуля; pz_form_success только по подтверждённому приёму, generate_lead с тем же event_id. Неперсональные данные в GA4; consent_analytics/consent_ads granted или denied, по умолчанию denied; заявка работает при отказе. Согласие на коммуникации отдельно. | Реестр маршрутов и согласия: Глобальная аналитика подключается один раз. Конфигурация берётся из реестра GTM; PZ_PAGE_CONFIG — необязательное переопределение. Формы передают page_type, page_name, source_page, customer_type, service_type, form_name и form_location вместе с каноническим контекстом. consent_marketing учитывается отдельно; Принять все допустимо с явным перечислением трёх целей. | Рабочий маршрут и SLA: По Bitrix24 v1.27 разделу 28 коммерческая заявка сайта создаёт одну сделку в Общей воронке, Новая заявка; первый контакт 30 минут в рабочее время. Профильную воронку назначает координатор сменой воронки той же сделки. Один путь доставки в Cloud Run, без второго моста Tilda. Для документов других регионов действует исключение медиаплана: выдача без передачи в продажи; для Кузет обследование не обязательно. | Единый контракт данных: Поле service удалить; использовать service_type из общего справочника, requested_action, cta_location и cta_text. ga_client_id связан с UF_CRM_GA_CLIENT_ID, а не UF_GOOGLE_CID. Payload и CRM сопоставлять по фактической карте полей; технический код услуги может преобразовываться в утверждённую категорию CRM, а os — в UF_CRM_DEVICE_OS. Не создавать дубли. | Бизнес результат: Для рекламной оптимизации Primary только contract_won из CRM по факту заключения договора. Форма, звонки, расчёт, выезд и КП — Secondary. Общая воронка, сохранение исходной потребности и атрибуции; перенос сделки не создаёт новую конверсию. | Структура и CTA: Один доминирующий CTA по типу страницы. Калькулятор или короткая форма до 3–4 мобильного экрана; объединить пересекающиеся блоки, убрать повторяющиеся галереи. Для новых страниц не задавать сокращение высоты от несуществующей базы."
49;ТЗ страницы Система оповещения СОУЭ Pozharnik.kz.docx;Этап 7\ТЗ страницы Система оповещения СОУЭ Pozharnik.kz.docx;Этап 7\ТЗ страницы Система оповещения СОУЭ Pozharnik.kz.docx;7;/soue/;Требует содержательной актуализации;G02, G08, G07, G01, G03, G04;"Единые события и согласие: Веб-события pz_* из глобального модуля; pz_form_success только по подтверждённому приёму, generate_lead с тем же event_id. Неперсональные данные в GA4; consent_analytics/consent_ads granted или denied, по умолчанию denied; заявка работает при отказе. Согласие на коммуникации отдельно. | Реестр маршрутов и согласия: Глобальная аналитика подключается один раз. Конфигурация берётся из реестра GTM; PZ_PAGE_CONFIG — необязательное переопределение. Формы передают page_type, page_name, source_page, customer_type, service_type, form_name и form_location вместе с каноническим контекстом. consent_marketing учитывается отдельно; Принять все допустимо с явным перечислением трёх целей. | Рабочий маршрут и SLA: По Bitrix24 v1.27 разделу 28 коммерческая заявка сайта создаёт одну сделку в Общей воронке, Новая заявка; первый контакт 30 минут в рабочее время. Профильную воронку назначает координатор сменой воронки той же сделки. Один путь доставки в Cloud Run, без второго моста Tilda. Для документов других регионов действует исключение медиаплана: выдача без передачи в продажи; для Кузет обследование не обязательно. | Единый контракт данных: Поле service удалить; использовать service_type из общего справочника, requested_action, cta_location и cta_text. ga_client_id связан с UF_CRM_GA_CLIENT_ID, а не UF_GOOGLE_CID. Payload и CRM сопоставлять по фактической карте полей; технический код услуги может преобразовываться в утверждённую категорию CRM, а os — в UF_CRM_DEVICE_OS. Не создавать дубли. | Бизнес результат: Для рекламной оптимизации Primary только contract_won из CRM по факту заключения договора. Форма, звонки, расчёт, выезд и КП — Secondary. Общая воронка, сохранение исходной потребности и атрибуции; перенос сделки не создаёт новую конверсию. | Структура и CTA: Один доминирующий CTA по типу страницы. Калькулятор или короткая форма до 3–4 мобильного экрана; объединить пересекающиеся блоки, убрать повторяющиеся галереи. Для новых страниц не задавать сокращение высоты от несуществующей базы."
50;ТЗ страницы Смена подрядчика Pozharnik.kz.docx;Этап 7\ТЗ страницы Смена подрядчика Pozharnik.kz.docx;Этап 1\ТЗ страницы Смена подрядчика Pozharnik.kz.docx;1;/smena-podryadchika/;Требует содержательной актуализации;G02, G08, G07, G01, G03, G04, S01, T01;"Единые события и согласие: Веб-события pz_* из глобального модуля; pz_form_success только по подтверждённому приёму, generate_lead с тем же event_id. Неперсональные данные в GA4; consent_analytics/consent_ads granted или denied, по умолчанию denied; заявка работает при отказе. Согласие на коммуникации отдельно. | Реестр маршрутов и согласия: Глобальная аналитика подключается один раз. Конфигурация берётся из реестра GTM; PZ_PAGE_CONFIG — необязательное переопределение. Формы передают page_type, page_name, source_page, customer_type, service_type, form_name и form_location вместе с каноническим контекстом. consent_marketing учитывается отдельно; Принять все допустимо с явным перечислением трёх целей. | Рабочий маршрут и SLA: По Bitrix24 v1.27 разделу 28 коммерческая заявка сайта создаёт одну сделку в Общей воронке, Новая заявка; первый контакт 30 минут в рабочее время. Профильную воронку назначает координатор сменой воронки той же сделки. Один путь доставки в Cloud Run, без второго моста Tilda. Для документов других регионов действует исключение медиаплана: выдача без передачи в продажи; для Кузет обследование не обязательно. | Единый контракт данных: Поле service удалить; использовать service_type из общего справочника, requested_action, cta_location и cta_text. ga_client_id связан с UF_CRM_GA_CLIENT_ID, а не UF_GOOGLE_CID. Payload и CRM сопоставлять по фактической карте полей; технический код услуги может преобразовываться в утверждённую категорию CRM, а os — в UF_CRM_DEVICE_OS. Не создавать дубли. | Бизнес результат: Для рекламной оптимизации Primary только contract_won из CRM по факту заключения договора. Форма, звонки, расчёт, выезд и КП — Secondary. Общая воронка, сохранение исходной потребности и атрибуции; перенос сделки не создаёт новую конверсию. | Структура и CTA: Один доминирующий CTA по типу страницы. Калькулятор или короткая форма до 3–4 мобильного экрана; объединить пересекающиеся блоки, убрать повторяющиеся галереи. Для новых страниц не задавать сокращение высоты от несуществующей базы. | Смена подрядчика раньше: Первичный выпуск — этап 1 совместно с обслуживанием и калькулятором, ориентир неделя 3. Удалить из будущей редакции фразу «на основе этапа 7». В этапе 7 — оптимизация уже готовой страницы. | Технический цикл обслуживания: На обычном ТО показать проверку помещений по чек-листу, два капитальных ТО с тестированием и два отдельных тестирования в год, отчёт на следующий рабочий день и динамику замечаний. Это состав предложения компании; применимость к объекту и договор проверяются отдельно. Базовый Кузет планового ТО не содержит."
51;ТЗ страницы Пакеты обслуживания Pozharnik.kz.docx;Этап 8\ТЗ страницы Пакеты обслуживания Pozharnik.kz.docx;Этап 1\ТЗ страницы Пакеты обслуживания Pozharnik.kz.docx;1;/pakety/;Требует содержательной актуализации;G02, G08, G07, G01, G03, G04, G05, G06, S02, T01;"Единые события и согласие: Веб-события pz_* из глобального модуля; pz_form_success только по подтверждённому приёму, generate_lead с тем же event_id. Неперсональные данные в GA4; consent_analytics/consent_ads granted или denied, по умолчанию denied; заявка работает при отказе. Согласие на коммуникации отдельно. | Реестр маршрутов и согласия: Глобальная аналитика подключается один раз. Конфигурация берётся из реестра GTM; PZ_PAGE_CONFIG — необязательное переопределение. Формы передают page_type, page_name, source_page, customer_type, service_type, form_name и form_location вместе с каноническим контекстом. consent_marketing учитывается отдельно; Принять все допустимо с явным перечислением трёх целей. | Рабочий маршрут и SLA: По Bitrix24 v1.27 разделу 28 коммерческая заявка сайта создаёт одну сделку в Общей воронке, Новая заявка; первый контакт 30 минут в рабочее время. Профильную воронку назначает координатор сменой воронки той же сделки. Один путь доставки в Cloud Run, без второго моста Tilda. Для документов других регионов действует исключение медиаплана: выдача без передачи в продажи; для Кузет обследование не обязательно. | Единый контракт данных: Поле service удалить; использовать service_type из общего справочника, requested_action, cta_location и cta_text. ga_client_id связан с UF_CRM_GA_CLIENT_ID, а не UF_GOOGLE_CID. Payload и CRM сопоставлять по фактической карте полей; технический код услуги может преобразовываться в утверждённую категорию CRM, а os — в UF_CRM_DEVICE_OS. Не создавать дубли. | Бизнес результат: Для рекламной оптимизации Primary только contract_won из CRM по факту заключения договора. Форма, звонки, расчёт, выезд и КП — Secondary. Общая воронка, сохранение исходной потребности и атрибуции; перенос сделки не создаёт новую конверсию. | Структура и CTA: Один доминирующий CTA по типу страницы. Калькулятор или короткая форма до 3–4 мобильного экрана; объединить пересекающиеся блоки, убрать повторяющиеся галереи. Для новых страниц не задавать сокращение высоты от несуществующей базы. | Новые пакеты регулярного ТО: Контроль: ТО, эксплуатационный журнал, ежегодное обследование. Защита: дополнительно согласованная документация, обучение, бесплатные консультации; тренировки и сопровождение — платные опции. Премиум: аутсорсинг, документация и журналы, тренировки, сопровождение проверок, один предварительный аудит в год вместо базового обследования. Кузет — отдельное предложение; URL control/service/full-safe не переименовывать автоматически. | Связь с Кузет: Ссылка на /kuzet/ с монтажа, обслуживания и /pakety/; главная и хаб показывают отдельный сценарий ритейла. Не заменять регулярную линейку Базовым / Расширенным / PRO. Малую площадь не считать автоматически низким приоритетом. | Сравнение пакетов раньше: Сравнительная /pakety/ входит в раннее ядро этапа 1. Этап 8 — развитие после проверки спроса; дочерние URL создавать только по подтверждённым данным. | Технический цикл обслуживания: На обычном ТО показать проверку помещений по чек-листу, два капитальных ТО с тестированием и два отдельных тестирования в год, отчёт на следующий рабочий день и динамику замечаний. Это состав предложения компании; применимость к объекту и договор проверяются отдельно. Базовый Кузет планового ТО не содержит."
52;ТЗ страницы 404 Pozharnik.kz.docx;Этап 9\ТЗ страницы 404 Pozharnik.kz.docx;Этап 9\ТЗ страницы 404 Pozharnik.kz.docx;9;/404/;Требует содержательной актуализации;G02, G08, G01;"Единые события и согласие: Веб-события pz_* из глобального модуля; pz_form_success только по подтверждённому приёму, generate_lead с тем же event_id. Неперсональные данные в GA4; consent_analytics/consent_ads granted или denied, по умолчанию denied; заявка работает при отказе. Согласие на коммуникации отдельно. | Реестр маршрутов и согласия: Глобальная аналитика подключается один раз. Конфигурация берётся из реестра GTM; PZ_PAGE_CONFIG — необязательное переопределение. Формы передают page_type, page_name, source_page, customer_type, service_type, form_name и form_location вместе с каноническим контекстом. consent_marketing учитывается отдельно; Принять все допустимо с явным перечислением трёх целей. | Единый контракт данных: Поле service удалить; использовать service_type из общего справочника, requested_action, cta_location и cta_text. ga_client_id связан с UF_CRM_GA_CLIENT_ID, а не UF_GOOGLE_CID. Payload и CRM сопоставлять по фактической карте полей; технический код услуги может преобразовываться в утверждённую категорию CRM, а os — в UF_CRM_DEVICE_OS. Не создавать дубли."
53;ТЗ страницы Миссия Pozharnik.kz.docx;Этап 9\ТЗ страницы Миссия Pozharnik.kz.docx;Этап 9\ТЗ страницы Миссия Pozharnik.kz.docx;9;/o-kompanii/missiya/;Требует содержательной актуализации;G02, G08, G07, G01, G03;"Единые события и согласие: Веб-события pz_* из глобального модуля; pz_form_success только по подтверждённому приёму, generate_lead с тем же event_id. Неперсональные данные в GA4; consent_analytics/consent_ads granted или denied, по умолчанию denied; заявка работает при отказе. Согласие на коммуникации отдельно. | Реестр маршрутов и согласия: Глобальная аналитика подключается один раз. Конфигурация берётся из реестра GTM; PZ_PAGE_CONFIG — необязательное переопределение. Формы передают page_type, page_name, source_page, customer_type, service_type, form_name и form_location вместе с каноническим контекстом. consent_marketing учитывается отдельно; Принять все допустимо с явным перечислением трёх целей. | Рабочий маршрут и SLA: По Bitrix24 v1.27 разделу 28 коммерческая заявка сайта создаёт одну сделку в Общей воронке, Новая заявка; первый контакт 30 минут в рабочее время. Профильную воронку назначает координатор сменой воронки той же сделки. Один путь доставки в Cloud Run, без второго моста Tilda. Для документов других регионов действует исключение медиаплана: выдача без передачи в продажи; для Кузет обследование не обязательно. | Единый контракт данных: Поле service удалить; использовать service_type из общего справочника, requested_action, cta_location и cta_text. ga_client_id связан с UF_CRM_GA_CLIENT_ID, а не UF_GOOGLE_CID. Payload и CRM сопоставлять по фактической карте полей; технический код услуги может преобразовываться в утверждённую категорию CRM, а os — в UF_CRM_DEVICE_OS. Не создавать дубли. | Бизнес результат: Для рекламной оптимизации Primary только contract_won из CRM по факту заключения договора. Форма, звонки, расчёт, выезд и КП — Secondary. Общая воронка, сохранение исходной потребности и атрибуции; перенос сделки не создаёт новую конверсию."
54;ТЗ страницы Партнерам Pozharnik.kz.docx;Этап 9\ТЗ страницы Партнерам Pozharnik.kz.docx;Этап 9\ТЗ страницы Партнерам Pozharnik.kz.docx;9;/o-kompanii/partneram/;Требует содержательной актуализации;G02, G08, G07, G01, G03;"Единые события и согласие: Веб-события pz_* из глобального модуля; pz_form_success только по подтверждённому приёму, generate_lead с тем же event_id. Неперсональные данные в GA4; consent_analytics/consent_ads granted или denied, по умолчанию denied; заявка работает при отказе. Согласие на коммуникации отдельно. | Реестр маршрутов и согласия: Глобальная аналитика подключается один раз. Конфигурация берётся из реестра GTM; PZ_PAGE_CONFIG — необязательное переопределение. Формы передают page_type, page_name, source_page, customer_type, service_type, form_name и form_location вместе с каноническим контекстом. consent_marketing учитывается отдельно; Принять все допустимо с явным перечислением трёх целей. | Рабочий маршрут и SLA: По Bitrix24 v1.27 разделу 28 коммерческая заявка сайта создаёт одну сделку в Общей воронке, Новая заявка; первый контакт 30 минут в рабочее время. Профильную воронку назначает координатор сменой воронки той же сделки. Один путь доставки в Cloud Run, без второго моста Tilda. Для документов других регионов действует исключение медиаплана: выдача без передачи в продажи; для Кузет обследование не обязательно. | Единый контракт данных: Поле service удалить; использовать service_type из общего справочника, requested_action, cta_location и cta_text. ga_client_id связан с UF_CRM_GA_CLIENT_ID, а не UF_GOOGLE_CID. Payload и CRM сопоставлять по фактической карте полей; технический код услуги может преобразовываться в утверждённую категорию CRM, а os — в UF_CRM_DEVICE_OS. Не создавать дубли. | Бизнес результат: Для рекламной оптимизации Primary только contract_won из CRM по факту заключения договора. Форма, звонки, расчёт, выезд и КП — Secondary. Общая воронка, сохранение исходной потребности и атрибуции; перенос сделки не создаёт новую конверсию."
55;ТЗ страницы Политика конфиденциальности Pozharnik.kz.docx;Этап 9\ТЗ страницы Политика конфиденциальности Pozharnik.kz.docx;Этап 9\ТЗ страницы Политика конфиденциальности Pozharnik.kz.docx;9;/privacy/;Требует содержательной актуализации;G02, G08, G01;"Единые события и согласие: Веб-события pz_* из глобального модуля; pz_form_success только по подтверждённому приёму, generate_lead с тем же event_id. Неперсональные данные в GA4; consent_analytics/consent_ads granted или denied, по умолчанию denied; заявка работает при отказе. Согласие на коммуникации отдельно. | Реестр маршрутов и согласия: Глобальная аналитика подключается один раз. Конфигурация берётся из реестра GTM; PZ_PAGE_CONFIG — необязательное переопределение. Формы передают page_type, page_name, source_page, customer_type, service_type, form_name и form_location вместе с каноническим контекстом. consent_marketing учитывается отдельно; Принять все допустимо с явным перечислением трёх целей. | Единый контракт данных: Поле service удалить; использовать service_type из общего справочника, requested_action, cta_location и cta_text. ga_client_id связан с UF_CRM_GA_CLIENT_ID, а не UF_GOOGLE_CID. Payload и CRM сопоставлять по фактической карте полей; технический код услуги может преобразовываться в утверждённую категорию CRM, а os — в UF_CRM_DEVICE_OS. Не создавать дубли."
56;ТЗ страницы Пользовательское соглашение Pozharnik.kz.docx;Этап 9\ТЗ страницы Пользовательское соглашение Pozharnik.kz.docx;Этап 9\ТЗ страницы Пользовательское соглашение Pozharnik.kz.docx;9;/terms/;Требует содержательной актуализации;G02, G08, G01;"Единые события и согласие: Веб-события pz_* из глобального модуля; pz_form_success только по подтверждённому приёму, generate_lead с тем же event_id. Неперсональные данные в GA4; consent_analytics/consent_ads granted или denied, по умолчанию denied; заявка работает при отказе. Согласие на коммуникации отдельно. | Реестр маршрутов и согласия: Глобальная аналитика подключается один раз. Конфигурация берётся из реестра GTM; PZ_PAGE_CONFIG — необязательное переопределение. Формы передают page_type, page_name, source_page, customer_type, service_type, form_name и form_location вместе с каноническим контекстом. consent_marketing учитывается отдельно; Принять все допустимо с явным перечислением трёх целей. | Единый контракт данных: Поле service удалить; использовать service_type из общего справочника, requested_action, cta_location и cta_text. ga_client_id связан с UF_CRM_GA_CLIENT_ID, а не UF_GOOGLE_CID. Payload и CRM сопоставлять по фактической карте полей; технический код услуги может преобразовываться в утверждённую категорию CRM, а os — в UF_CRM_DEVICE_OS. Не создавать дубли."
57;ТЗ страницы Результаты калькуляторов Pozharnik.kz.docx;Этап 9\ТЗ страницы Результаты калькуляторов Pozharnik.kz.docx;Этап 9\ТЗ страницы Результаты калькуляторов Pozharnik.kz.docx;9;/kalkulyatory/result/;Требует содержательной актуализации;G02, G08, G07, G01, G03;"Единые события и согласие: Веб-события pz_* из глобального модуля; pz_form_success только по подтверждённому приёму, generate_lead с тем же event_id. Неперсональные данные в GA4; consent_analytics/consent_ads granted или denied, по умолчанию denied; заявка работает при отказе. Согласие на коммуникации отдельно. | Реестр маршрутов и согласия: Глобальная аналитика подключается один раз. Конфигурация берётся из реестра GTM; PZ_PAGE_CONFIG — необязательное переопределение. Формы передают page_type, page_name, source_page, customer_type, service_type, form_name и form_location вместе с каноническим контекстом. consent_marketing учитывается отдельно; Принять все допустимо с явным перечислением трёх целей. | Рабочий маршрут и SLA: По Bitrix24 v1.27 разделу 28 коммерческая заявка сайта создаёт одну сделку в Общей воронке, Новая заявка; первый контакт 30 минут в рабочее время. Профильную воронку назначает координатор сменой воронки той же сделки. Один путь доставки в Cloud Run, без второго моста Tilda. Для документов других регионов действует исключение медиаплана: выдача без передачи в продажи; для Кузет обследование не обязательно. | Единый контракт данных: Поле service удалить; использовать service_type из общего справочника, requested_action, cta_location и cta_text. ga_client_id связан с UF_CRM_GA_CLIENT_ID, а не UF_GOOGLE_CID. Payload и CRM сопоставлять по фактической карте полей; технический код услуги может преобразовываться в утверждённую категорию CRM, а os — в UF_CRM_DEVICE_OS. Не создавать дубли. | Бизнес результат: Для рекламной оптимизации Primary только contract_won из CRM по факту заключения договора. Форма, звонки, расчёт, выезд и КП — Secondary. Общая воронка, сохранение исходной потребности и атрибуции; перенос сделки не создаёт новую конверсию."
58;ТЗ страницы Успешная отправка Pozharnik.kz.docx;Этап 9\ТЗ страницы Успешная отправка Pozharnik.kz.docx;Этап 9\ТЗ страницы Успешная отправка Pozharnik.kz.docx;9;/success/;Требует содержательной актуализации;G02, G08, G01;"Единые события и согласие: Веб-события pz_* из глобального модуля; pz_form_success только по подтверждённому приёму, generate_lead с тем же event_id. Неперсональные данные в GA4; consent_analytics/consent_ads granted или denied, по умолчанию denied; заявка работает при отказе. Согласие на коммуникации отдельно. | Реестр маршрутов и согласия: Глобальная аналитика подключается один раз. Конфигурация берётся из реестра GTM; PZ_PAGE_CONFIG — необязательное переопределение. Формы передают page_type, page_name, source_page, customer_type, service_type, form_name и form_location вместе с каноническим контекстом. consent_marketing учитывается отдельно; Принять все допустимо с явным перечислением трёх целей. | Единый контракт данных: Поле service удалить; использовать service_type из общего справочника, requested_action, cta_location и cta_text. ga_client_id связан с UF_CRM_GA_CLIENT_ID, а не UF_GOOGLE_CID. Payload и CRM сопоставлять по фактической карте полей; технический код услуги может преобразовываться в утверждённую категорию CRM, а os — в UF_CRM_DEVICE_OS. Не создавать дубли."
kuzet;09_ТЗ_страница_Кузет_ритейл_Pozharnik_v1_0.docx;09_ТЗ_страница_Кузет_ритейл_Pozharnik_v1_0.docx;Этап 1\09_ТЗ_страница_Кузет_ритейл_Pozharnik_v1_0.docx;1;/kuzet/;"Актуальное отдельное ТЗ; проверить внедрение и пункты перед публикацией";;
